artist,loved_count,mediaid,posted_count,sitename,time,title,loved
Zimmer,1972,2c369,11,umstrum||music,256,Heartbreak Reputation (feat. Polina),FALSE
Meek Mill,1437,2c3b0,1,House of Lords,199,R.I.C.O feat. Drake,FALSE
flor,2296,2c135,11,Indietronica,246,warm blood,FALSE
Atlas Genius,1801,2c0ff,6,Inthejunkyardmusic,249,Molecules,FALSE
Robyn,3729,2c3tm,5,acid stag,215,Call Your Girlfriend (Thero & Taylor Wise Remix) (Feat. Allison Weiss),FALSE
GIBBZmusic,1030,2c12f,15,CLICK AND LISTEN IT,211,I Found You,FALSE
KAPTAN,1695,2c05m,16,The Burning Ear,242,Anywhere We Go,FALSE
Oh Wonder,5698,2c48m,17,The New LoFi,208,Landslide,FALSE
Klyne,6135,2c09d,21,Oh My Rock,187,Paralyzed,TRUE
Dillon Francis,2752,2c2wx,6,Waxhole,193,Bruk Bruk (I Need Your Lovin),FALSE
The Knocks,13736,15sj5,41,SFCritic,239,Dancing With The Dj,TRUE
The Knocks,1942,2bamw,11,EDM Girl,327,Classic (Pat Lok Shymix),TRUE
PHFAT & Al Bairre,210,2c3hh,1,Indie Shuffle,211,Caviar Dreams,FALSE
pools,384,2a90h,3,Delicieuse Musique,129,☕ coffee in the morning ☕,FALSE
Toro y Moi,463,2c2fa,16,Noonday Tune,93,That Instead of This,FALSE
I'lls,685,2c1kb,15,ilovepie,246,Keep,FALSE
Doe Paoro,486,2b8vq,8,Northern Transmissions,246,The Wind (feat. Adam Rhodes),FALSE
Lawrence Taylor,3505,2bw9n,7,EUPHORIA. Magazine,184,Bang Bang,FALSE
One T & Cool T,904,2bxam,5,Silence Nogood,232,The Magic Key (LeMarquis & FAB Remix),FALSE
Amen Dunes,871,22ksd,47,Fuzzy Logic,319,Lonely Richard,FALSE
Tame Impala,4703,23383,54,Silence Nogood,274,Stranger In Moscow(( MJ cover)),TRUE
Crooked Colours,4364,2bt0t,7,Wonky Sensitive,229,Electric Feel (MGMT Cover),TRUE
ZEDD feat. Selena Gomez,1315,2bxcb,3,Music You Wanna Listen To,242,I Want You To Know (Steve James Remix),FALSE
Wolf Alice,2690,2asey,40,Turntable Kitchen,225,Bros,FALSE
Panda Bear,704,2c1g8,15,surviving the golden age,211,Crosswords (Pete Rock Remix),FALSE
Wavves X Cloud Nothings,299,2c321,12,Noonday Tune,200,No Life For Me,FALSE
Michael Calfan,1109,2c14y,6,Inyourspeakers Media,254,Mercy (Original Mix),FALSE
BAILE,1426,2c09y,9,CLICK AND LISTEN IT,296,Matter (feat. Felicia Douglass),FALSE
Robyn,1420,2c3ac,5,Music You Wanna Listen To,271,Dancing On My Own (Templeton Remix),TRUE
Toro y Moi,1099,2c1d3,23,acid stag,189,2Late feat. Kool A.D. and SAFE,TRUE
Ty Dolla $ign,1794,2c24a,11,Pitchfork,286,Blasé feat. Future & Rae Sremmurd,FALSE
FETTY WAP,1214,2c41v,8,Abouttoblow,263,D.A.M DATS ALL ME,TRUE
A$AP Rocky,3923,2c367,2,Dancing Astronaut,292,LSD (Shemce Remix),FALSE
Alesso,3312,2c389,4,stereogum,191,This Summer's Gonna Hurt Like A Mother F****r (Alesso Remix) (Radio Edit),TRUE
Tame Impala,961,2ahss,1,Indie Shuffle,243,Cause I'm A Man,FALSE
Black Rebel Motorcycle Club,2666,zjt7,34,Shelter From the Norm,226,Beat The Devil's Tattoo,FALSE
The Besnard Lakes,604,yqkf,110,scruffy the yak,282,Albatross,FALSE
RL Grime,3547,25hg1,14,buffaBLOG,237,Core,FALSE
Gallant,5944,2c3pf,28,Anotherwhiskyformisterbukowski,204,Weight In Gold,TRUE
Jack Garratt,4317,2c3mc,25,chillsoundsgoodmusic,225,Weathered,TRUE
Matrimony,2323,29gay,9,Audio Aquarium,260,Giant (Ghosts Remix),FALSE
Real Estate,1060,21rvk,38,Fuzzy Logic,192,Talking Backwards,TRUE
Natalie Prass,732,27cmn,24,The Swollen Fox,213,Why Don't You Believe In Me,FALSE
Father John Misty,1490,27msa,44,2 U I Bestow,262,Bored In The USA,TRUE
Hibou,2006,2bmqa,22,barrygruff,259,Dissolve,TRUE
Billy Bragg & Wilco,1093,30xf,27,Across The Kitchen Table,298,California Stars,TRUE
Blitzen Trapper,2888,k47r,64,scruffy the yak,209,Black River Killer,FALSE
Damien Jurado,2019,20jv6,38,The Swollen Fox,198,Silver Timothy,FALSE
Lana Del Rey,4425,2b5c3,3,Oh My Rock,277,Born To Die (Absence Remix),TRUE
Metric,2324,v55s,9,i (heart) music,187,Don't Think Twice It's Alright (Bob Dylan Cover),TRUE
Tame Impala,700,2atnn,4,barrygruff,247,Cause I'm a Man,FALSE
Unknown Mortal Orchestra,518,2aade,8,Cause=Time,192,Multi-Love (20syl Remix),FALSE
Sinkane,1891,24y1z,31,JayeL Audio Music,197,Hold Tight,FALSE
Unknown Mortal Orchestra,7944,29adb,84,umstrum||music,251,Multi-Love,FALSE
Temples,1441,20jvd,49,We All Want Someone To Shout For,222,Mesmerise,FALSE
Tame Impala,12229,2a1mf,87,The Swollen Fox,469,Let It Happen,FALSE
Unknown Mortal Orchestra,3887,2avcn,65,Too Many Blogs,257,Can't Keep Checking My Phone,FALSE
Blue Hawaii,1467,27ams,15,What Else Is There?,264,Get Happy,FALSE
Cheers Elephant,5361,2bfxf,10,EUPHORIA. Magazine,212,Airliner,TRUE
Major Lazer,10138,227j1,23,Maddecent,182,Aerosol Can (feat. Pharrell Williams),TRUE
The Knocks,21782,25xk6,27,SFCritic,249,Classic (feat. Powers),TRUE
Oliver,8614,26gx7,13,JayeL Audio Music,344,Light Years Away,FALSE
Chet Faker,2614,2bwyg,22,HEY,206,Bend,FALSE
Skylar Spence,1316,2bwjt,27,Felinno,246,Can't You See,FALSE
Toro y Moi,1368,2btxp,8,acid stag,145,room for 1zone,FALSE
Cayucas,744,2b1kk,27,Indie is not a genre,218,Moony Eyed Walrus,TRUE
Ducktails,1372,2b5et,30,newmusic.cz,214,Headbanging In The Mirror,TRUE
Lapalux,3549,29q40,25,music is art,349,Don't Mean A Thing,FALSE
Vaults,1538,27nrm,12,Little Indie Blogs,204,Poison,FALSE
Toro Y Moi,1801,28ykp,43,KEXP Blog,222,Empty Nesters,FALSE
ON AN ON,1463,2bnef,8,The Burning Ear,227,It's Not Over (The Twelves Remix),FALSE
Lower Dens,1994,1hcvp,132,MUSIC BETWEEN FRIENDS,302,Brains,FALSE
The Knocks,6766,1t7dh,7,aerial noise,276,The Feeling (Dave Edwards Remix),FALSE
K-Os,6058,r65a,13,Music For Kids Who Can't Read Good,190,I Wish I Knew Natalie Portman,TRUE
The Knocks,4731,29s5a,19,JayeL Audio Music,250,Dancing With Myself,FALSE
The Knocks,3975,2aews,10,JayeL Audio Music,197,Collect My Love feat. Alex Newell,FALSE
The Knocks,8641,2654z,11,Site of Sound,262,Classic (RAC Mix),TRUE
Santigold,1242,trz4,5,Et Musique Pour Tous,112,I'm a Lady (Benny Blanco Remix),FALSE
HONNE,1993,2b5tf,14,Musicgeeks,272,Top To Toe,FALSE
The Knocks,6380,1696z,20,Berkeley Place,219,Dancing With The DJ (Chiddy Bang Remix),FALSE
Flume,10604,2bk4b,20,Stereofox,264,Some Minds feat. Andrew Wyatt,FALSE
Flight Facilities,6137,2bzvm,10,NNM,199,Heart Attack feat. Owl Eyes (Snakehips Remix),FALSE
Major Lazer,8997,2bzkc,2,Never Radio,194,Too Original (KREAM Remix),FALSE
Aayushi & Dillistone,5645,2bz99,6,Musicgeeks,237,Diamond Child,FALSE
POWERS,9067,2ba6t,31,blahblahblahscience,205,Beat Of My Drum,FALSE
Blackbear,6281,2b9ng,6,Stoney Roads,278,90210 feat. G-Eazy (Matt DiMona Remix),FALSE
filous,11555,2bd2b,10,My Old Kentucky Blog,198,How Hard I Try feat. James Hersey,FALSE
L'Orange & Jeremiah Jae,4530,2ax54,9,Lautstark,171,All I Need (feat. Gift Of Gab),FALSE
kiiara,11727,2bxjv,18,said the gramophone,226,Gold,FALSE
Soma,291,2c2et,5,Different Kitchen,198,Uncertain,FALSE
Miguel,15868,228mk,23,Site of Sound,205,Simplethings,TRUE
Rudimental,14952,21hnn,6,EARMILK,305,Free (Cash Cash X Gazzo Remix),FALSE
EMBRZ,9428,1y3jj,12,nialler9,284,Slow Down,FALSE
Wale,5818,t8q4,7,The Music Ninja,211,New Soul Feat. Yael Naim,FALSE
TEEMID & Daniela Andrade,9479,226ye,8,I Heart Moosiq,263,Crave You (Flight Facilities Cover),TRUE
•◊ Hopium ◊•,3795,2b5pr,9,Stereofox,218,Right Now,FALSE
The Chainsmokers,5152,2b9jx,6,EDM Girl,253,Let You Go (Steve James Remix),FALSE
"Astronauts, etc.",3786,2b54c,22,Indie For Bunnies,230,No Justice,FALSE
OutKast,5012,2b6yd,3,Your Music Radar,194,Roses (PLS&TY Remix),TRUE
Janet Jackson,908,2bzsd,10,Secret Delivery,206,No Sleeep,FALSE
The Drums,396,265r5,2,KEXP Blog,290,I Can't Pretend,FALSE
American Authors,13832,229ha,8,I Heart Moosiq,292,Best Day Of My Life (Just A Gent Remix),FALSE
Astrid S,5121,2b9zs,3,JayeL Audio Music,235,2AM (Matoma Remix),FALSE
BebeRexha,2215,28h1t,4,Electric Panda Music,208,I'm Gonna Show You Crazy,FALSE
Ishinohana,3162,2aybj,8,Electrocorp ,317,Lucía (John Talabot's Sunset edit),FALSE
Oh Wonder,3771,2b8z0,10,gottadancedirty,263,Midnight Moon (Melvv Remix),FALSE
Sia,7158,2bbc8,3,Your Music Radar,216,California Dreamin,TRUE
TroyBoi,2843,2ba6s,2,Indie Shuffle,201,Do You feat. Armani White (Remix),FALSE
diplo,8178,2baq6,18,Never Radio,285,Bitch Better Have My Money (Diplo & Grandtheft Remix)OFFICIAL,FALSE
Tove Lo,6349,2b92r,4,JayeL Audio Music,278,Talking Body (Jax Jones Remix),FALSE
Gigamesh,5329,2b9xa,9,The Jackplug,291,The Music,FALSE
Years and Years,5799,2b8xm,28,Getintothis,254,Shine,FALSE
Lemon.,715,2c063,4,"Quick, Before It Melts.",165,Better For You,FALSE
Moullinex,796,2c03e,7,Y Este Finde Que,370,Take A Chance (Satin Jackets Remix),FALSE
Courtney Barnett,493,29w6h,4,said the gramophone,293,Depreston,TRUE
Tuxedo,415,2c1r6,6,The French Shuffle,238,Without Your Love,FALSE
Dusky,495,2bznk,6,Mixmag,384,Skin Deep,TRUE
Mammút,143,229wz,14,MusikBlog,345,Salt,FALSE
Monster Rally,316,247x6,2,music islands,219,Chin-don-ya,TRUE
Kelis,792,23px8,10,Indie Shuffle,315,'Runnin' (Machinedrum Remix),FALSE
Wiz Khalifa Feat. Charlie Puth,5360,2azcr,5,EDM Girl,223,See You Again (Ale Mora Remix),FALSE
ALESSIA,11457,2b0gs,21,J(am) of the Day,200,HERE,FALSE
The Roots,4073,1f5yf,37,AudioCred,272,Make My,TRUE
LIPS,6403,1ffe4,10,EARMILK,244,Everything To Me (Adventure Club Dubstep Remix),TRUE
In The Valley Below,4128,1rmtg,5,Indie Shuffle,287,Peaches,TRUE
Ratatat,7808,4t74,43,TheMusic.FM,266,Seventeen Years,TRUE
poka,1235,1410v,3,Delicieuse Musique,248,99 style,TRUE
The Knocks,775,skyq,10,Cities of the Plain,279,Can't Shake Your Love,FALSE
Trampled By Turtles,1476,110ex,15,SUCKA PANTS,205,Wait So Long,TRUE
Oasis,1763,45qw,17,Popdose,290,Don't Look Back in Anger,TRUE
French Montana,665,2c10q,5,Discobelle,229,Gucci Mane (feat. Lil Wayne & Rick Ross) (prod. by Kanye West),TRUE
Harrison Brome,2310,2bq1c,10,Indie Underground,218,Fill Your Brains (Master),FALSE
Chance The Rapper,1207,296pt,2,Inyourspeakers Media,225,Sunday Candy Feat. The Social Experiment,FALSE
Iron & Wine and Ben Bridwell,2423,2bzr3,18,Revista Metrónomo,213,This Must Be The Place (Naive Melody),FALSE
BECOME X Elohim,2052,2c0y2,13,acid stag,160,She Talks Too Much,FALSE
COMPNY,1565,2bzm1,25,Little Indie Blogs,233,Gently Let You Down,TRUE
Years & Years,4084,2c221,4,POP ON AND ON,240,King (Lash Remix),FALSE
Little Giants,4678,2c228,5,Lipstick Disco,320,"Lately (Love, Love, Love) (Monsieur Adi Remix)",FALSE
Favored Nations,2008,2by5n,6,Wonky Sensitive,211,Always,FALSE
Fatima,355,24te4,1,Don't Need No Melody,325,Biggest Joke Of All,FALSE
SZA feat. Chance The Rapper,7013,23c5d,42,The 405,216,Childs Play,FALSE
Addal feat. Lisa May,3152,2c08j,5,Beautiful Buzzz,325,Morning In Love (Original Mix),FALSE
Will Joseph Cook,2255,2c0vf,22,Beat2aChord,177,Beach,FALSE
Shura,966,2bzty,10,DIY,443,White Light (Gabe Gurnsey Factory Floor Remix),FALSE
Kendrick Lamar,6377,2c2a8,3,Music You Wanna Listen To,204,i (Carneyval & INSTRUM Remix),FALSE
The Weeknd,2452,2c298,2,Caveman Sound,300,Can't Feel My Face (Keljet Edit),FALSE
"Kehlani, G-Eazy, IAMSU! and Lil B",2205,2bzxz,6,The Passion of the Weiss,235,Champion (Prod. by P-Lo),TRUE
Lewis Del Mar,6697,2c0xq,13,Sonofmarketing,249,Loud(y),FALSE
The Internet Music,3556,2c0ae,17,alltomorrowmusic,416,Girl feat. KAYTRANADA,TRUE
Saint Motel,2741,2c15e,8,Audio Aquarium,280,My Type (Eau Claire Remix),FALSE
RÜFÜS / RÜFÜS DU SOL,6536,2c1vt,14,Audio Drums,239,You Were Right,TRUE
Little Giants,8122,2aynk,10,Abduction Radiation,212,"Lately (Love, Love, Love)",FALSE
Discovery,3643,sqpk,40,Indieball,193,So Insane,FALSE
"Drake Feat. Kanye West, Lil Wayne & Eminem",2418,v81m,8,Citizen Insane,359,Forever,TRUE
Röyksopp,4965,27mzc,10,music is art,396,Thank You,FALSE
Mitski,138,26mqp,13,Music Broke My Bones,205,Townie,TRUE
Sea Oleena,997,25z92,32,Just Music That I Like,311,If I'm,FALSE
Otis Redding,399,26eye,1,Yaqui,232,Sittin On The Dock Of The Bay (TEEMID Edit),TRUE
Ratatat vs. Marvin Gaye,8067,1agk1,4,EARMILK,206,Ain't No Drugs High Enough The Jane Doze mashup),TRUE
Daft Punk,1616,smtq,6,earmilk,322,Face to Face (Night Drugs Rework),FALSE
Kid Cudi,22539,1b9zx,13,Indie Shuffle,164,Falling Star (R3K Remix),TRUE
Beirut,6201,6fnn,78,Stereofox,257,Postcards From Italy,TRUE
The Pharcyde,15218,205k2,19,Lautstark,290,Runnin' (Bit Funk Remix),TRUE
Crooked Colours,2848,204z0,16,music is art,215,Come Down,TRUE
UGK,2581,11f4z,23,The Music Ninja,257,Int'l Players Anthem (Feat. OutKast),TRUE
Florence & The Machine,4749,27170,9,EDM Girl,263,You've Got The Love (Prince Fox Remix),FALSE
Fake Blood,3542,12nm7,19,Penned Madness,319,I Think I Like It (Tommie Sunshine & Figure EC$TACY edit),TRUE
Skrillex,9475,176za,17,aerial noise,305,Cat Rats,TRUE
Clean Bandit & Jess Glynne,7273,26xhz,14,JayeL Audio Music,219,Real Love,FALSE
Jaymes Young,6180,26x11,8,Ladywood ,250,I'll Be Good,FALSE
Frankie Cosmos,187,22ky1,2,"Song, by Toad",93,My I Love You,FALSE
HAERTS,2326,26by0,31,Indie Obsessive,258,Giving Up,FALSE
Run The Jewels,4203,26khp,47,Too Much Love Magazine ,214,Oh My Darling Don't Cry,FALSE
Bombay Bicycle Club,4826,21kgk,29,SFCritic,191,Luna,FALSE
Tanya Tagaq,154,24s65,12,Chicago Reader,169,Uja,FALSE
Steve Gunn,346,25e7m,14,Earbuddy,334,Milly's Garden,FALSE
Starfoxxx,684,2651y,3,Electric Panda Music,309,Bae HD,FALSE
Careful,244,1n80b,7,KEXP Blog,178,It's Funny,FALSE
Aphex Twin,1077,26dqh,42,Wondering Sound,288,minipops 67 (120.2)(source Field Mix),FALSE
Chester French,1502,td31,11,the burning ear,354,She Loves Everybody (Pance Party Remix),FALSE
Public Enemy,3782,tjvw,4,The Music Ninja,287,He Got Game,FALSE
Sean Nicholas Savage,321,22m21,11,Dots & Dashes,226,Naturally,FALSE
Maiday,5310,285hh,10,The 405,218,Wish You'd Met Me First,FALSE
Allo Darlin',488,260dr,21,Berkeley Place,172,Romance And Adventure,FALSE
Baauer,12526,27ehz,28,Pilerats,215,One Touch feat. AlunaGeorge & Rae Sremmurd,FALSE
Miguel feat. Wale,13442,239bn,8,Guilty Feet Have Got No Rhythm,314,Bennie and the Jets,TRUE
Cage the Elephant,7853,16hr5,12,Richmond Playlist,212,Shake Me Down,TRUE
Jay-Z & Beanie Sigel,2592,rhs4,5,djnodj,229,Glock Nines (Ratatat Remix),FALSE
Whilk and Misky,16120,27qph,12,Inyourspeakers Media,318,Babe I'm Yours,FALSE
Kanye West vs. Sam Smith,14241,27x6p,11,Wake the Deaf,266,Tell Me I'm The Only One (Carlos Serrano Mix),FALSE
Electric Wire Hustle,6169,w4d2,26,Beaver on the Beats,269,They Don't Want,TRUE
The Drums,2535,1e7j4,5,The Digital Outhouse,269,Days,TRUE
Lupe Fiasco,4997,1993j,10,Fuck yeah! Go team!,221,All Black Everything,TRUE
Beach House,2734,17a3h,82,Chromewaves,209,I Do Not Care For The Winter Sun,TRUE
The Flaming Lips,399,emqs,10,JP's Blog,399,Bohemian Rhapsody (Queen Cover),FALSE
Florence + The Machine,37992,wm2h,154,djnodj,344,You've Got The Love (The XX Remix),TRUE
Chairlift,8374,kabk,49,The New LoFi,242,Bruises,TRUE
The Heavy,3832,xbmh,11,"Safety, Fun & Learning",217,How You Like Me Now?,TRUE
The Flavour,2886,1b0e2,3,Schitz Popinov,176,Sex on Fire ( Reggae Cover ),TRUE
Foster The People,4356,1agyw,6,the burning ear,218,Pumped Up Kicks (The Knocks Remix),TRUE
Jaymes Young,2727,26txn,5,Sunset in the Rearview,221,What Should I Do,FALSE
Cold War Kids,21074,26a2r,21,Never Radio,201,First,FALSE
Kings of Convenience,5197,tqc7,17,Et Musique Pour Tous,258,I Don't Know What I Can Save You From (Röyksopp Remix),TRUE
Ludacris vs Ke$ha,1929,112sm,2,20 Watts,204,$hwagger Jagger (Pres Mashup),TRUE
Joey Bada$$,5729,26vk9,16,Pilerats,237,Get Paid,FALSE
Mating Ritual,5493,26ngg,19,Audio Drums,188,Toxins,FALSE
T.I.,4833,26tj0,10,Different Kitchen,206,No Mediocre feat. Iggy Azalea (Grandtheft Remix),FALSE
TULA home,6573,26vjs,10,grinzao,226,Wicked Game,FALSE
Lupe Fiasco,2385,zk4s,6,Dipped in Dollars,240,What U Want,TRUE
Otis Redding,4109,8fyp,15,THE VINYL VILLAIN,162,(Sittin' On) The Dock Of The Bay,TRUE
Of Montreal,2462,ec8e,21,Music From Go to Whoa,231,Jimmy,FALSE
Vampire Weekend,12814,q66h,28,Sunset in the Rearview,294,The Kids Don't Stand A Chance,FALSE
Goldroom,1006,23tcs,3,Poetry in an Empty Coke Can,279,Embrace (backstroke. Remix),FALSE
TĀLĀ,1564,26t41,40,Stamp The Wax,201,Alchemy,FALSE
The Knocks,2056,26n5b,5,JayeL Audio Music,297,Classic (DiscoTech Remix) - Big Beat,FALSE
Kings Of Convenience,2248,63cw,14,Indie Shuffle,235,Know How (featuring Feist),FALSE
HAERTS,3026,20cjh,25,Cougar Microbes,320,Wings (Shlohmo Remix),FALSE
Aphex Twin,2012,26qkp,3,said the gramophone,322,Aisatsana,FALSE
GoldLink,1516,23hn5,7,Silence Nogood,164,Bedtime Story (Prod. Louie Lastic),FALSE
Justice,927,vc74,8,Vacay Wave,318,We Are Your Friends (Barretso Remix),TRUE
Thrupence,2026,26w7s,23,Deftune,248,Silk,FALSE
Yellerkin,2362,26rsp,33,Operation Every Band,261,Tools,FALSE
FOYNES(nicholas basquiat),2131,26tvt,4,I Heart Moosiq,215,Protect (Feat. Antony & Cleopatera) (Foynes Remix),FALSE
YOUNG & SICK,2320,26vkp,10,Salacious Sound,282,Breathe (Télépopmusik Cover),FALSE
kp.,2411,26px0,9,I Heart Moosiq,241,where did you go,FALSE
ODESZA,8395,26t7k,11,acid stag,198,Say My Name (feat. Zyra) (cln Remix),FALSE
Dirty South,2328,26tye,7,Dancing Astronaut,274,Unbreakable (Elephante Remix),FALSE
alt-J,15821,261f8,57,The Devil Has The Best Tuna,216,Every Other Freckle,FALSE
Felix Jaehn feat. Chris Meid,4900,26tvp,11,JayeL Audio Music,248,One Last Time Remix,FALSE
Lorde,6155,26wg0,4,Earbuddy,233,Yellow Flicker Beat,FALSE
RAC,4166,26mpj,9,Chubby Beavers,265,Cheap Sunglasses feat. Matthew Koma (Two Friends Remix),FALSE
Blur,1988,tet1,4,indie shuffle,319,Song 2 (Vengeance Remix),TRUE
Flying Lotus,1283,j17x,9,Sunset in the Rearview,186,Robo Tussin feat. Lil Wayne.aif 15.41.55PM,TRUE
Okkervil River,22,1a8tr,3,Salad Days Music,206,Wake And Be Fine,TRUE
The Felice Brothers,57,1aajv,11,The Key,305,Ponzi,TRUE
Violent Femmes,2616,1faj,34,THE VINYL VILLAIN,145,Blister in the Sun,FALSE
Generationals,6335,sk35,59,Austin Town Hall,200,"When They Fight, They Fight",FALSE
Phoenix,13698,qp90,139,Ca Va Cool,198,1901,TRUE
Kid Cudi,15386,vhfh,30,The New LoFi,295,Pursuit of Happiness (Feat. MGMT And Ratatat),TRUE
TOURIST,15736,22ejp,41,REDEFINE magazine,271,I Can't Keep Up (feat. Will Heard),FALSE
Porter Robinson,7438,236gd,23,JayeL Audio Music,368,Sea Of Voices (RAC Mix),FALSE
Lykke Li,13483,2374v,45,Cougar Microbes,221,No Rest For The Wicked,FALSE
D.veloped,16128,1g7c9,12,djnodj,206,Bring Em Home (Edward Sharpe // T.I.),TRUE
THE NIGHT VI,3983,236d7,44,DrunkenWerewolf,225,Sienna,FALSE
London Grammar,4795,23781,34,Twee Huizen Verder,346,Hey Now (Bonobo Remix),FALSE
Haim,3812,236m2,15,the burning ear,359,If I Could Change Your Mind (The Knocks Remix),FALSE
SAFIA,9707,236kx,28,Site of Sound,266,"Paranoia, Ghosts & Other Sounds",FALSE
D.VELOPED,6327,1f3cm,5,Sunset in the Rearview,261,My Dangerously Melodic Anthem,FALSE
EMBRZ,9753,1z1vr,14,nialler9,322,Make Your Way,FALSE
Solid Gold,630,mrhv,10,Both Sides of the Mouth,258,Who You Gonna Run To?,TRUE
Young Jeezy,1649,1fz16,8,AudioCred,312,I Do (Featuring Jay-Z & Andre 3000 ) (No Tags),TRUE
Phoenix,2097,s486,27,The Indie Music Database,242,Lisztomania,FALSE
Two Door Cinema Club,1317,r4gh,12,The Pop Cop,167,"Hands Off My Cash, Monty",FALSE
The Verve Vs. Jay-Z,8575,w7mw,12,A Pocket Full Of Seeds,304,Brush Your Bitter Sweet Shoulders Off,FALSE
James Bay,16979,23wf2,23,Spectrum Culture,261,Let It Go,FALSE
Jurassic 5,7392,24jdj,5,Musikfar,229,The Way We Do It,FALSE
Passion Pit,2316,rtw7,7,melophobe,212,Let Your Love Grow Tall,FALSE
Röyksopp,3080,pdpr,28,JP's Blog,163,Happy Up Here,FALSE
Saint Etienne,1617,1kze6,4,Vacay Wave,389,I've Got Your Music (Golden Filter Remix),FALSE
Thomas Jack,7295,205r0,10,Stoney Roads,539,Symphony (Original Mix),FALSE
SkizTheRapper,693,1gght,7,The Jackplug,215,Shangri-La,TRUE
Madeon,3425,1f545,1,blahblahblahscience,104,Icarus,TRUE
Santogold,3678,j6kn,33,the culture of me,160,I'm A Lady (Diplo Mix Ft Amanda Blank),FALSE
thvn,1893,234rw,6,Sirens of Decay,230,toxic,FALSE
Zeds Dead & Omar LinX,2361,1m1bd,9,White Folks Get Crunk,284,NO PRAYERS (KEYS N KRATES RMX),TRUE
The War On Drugs,12642,20xm4,139,Inyourspeakers Media,299,Red Eyes,FALSE
Jaymes Young,18783,238f5,21,JayeL Audio Music,214,Habits Of My Heart (Sufjan Stevens Remake),FALSE
JUNGLE,6508,22m26,70,Abeano Music,180,Busy Earnin',FALSE
Ben Khan,4085,237kw,55,When The Gramophone Rings,198,Youth,FALSE
Zella Day,3451,236fk,32,West Coast Fix,222,1965,FALSE
"Steve Aoki, Diplo & Deorro",4267,236tz,6,Dancing Astronaut,281,Freak (feat. Steve Bays),FALSE
Eminem,5802,207bj,3,Earbuddy,265,Beautiful Pain feat. Sia,FALSE
Mapei,25978,1zm6w,50,Faded Glamour,215,Don't Wait,TRUE
Azealia Banks,14712,1z53b,25,music is art,245,Atm Jam feat. Pharrell (Kaytranada Edition),FALSE
Yuna,3101,205p1,2,Earbuddy,214,Lights And Camera,FALSE
Drake,9861,205dd,42,House of Lords,221,Come Thru (James Blake Version),FALSE
Josef Salvat,6538,204ky,28,josh is listening to,223,Every Night,FALSE
Common,4950,2055a,19,The 405,230,I Want You (Kaytranada Edition),FALSE
Edward Sharpe and the Magnetic Zeros,2542,205f7,10,The New LoFi,355,Life Is Hard (Teen Daze Remix),FALSE
Kids These Days,1804,1ksca,3,Simply 7,221,Darling,FALSE
Florence and the Machine,1134,1ksjr,1,Free Breaks Blog,307,You Got The Love (The Bॐb Squad Breaks Mix),FALSE
Ramona Falls,1741,1ksb9,3,The Music Ninja,220,Proof,FALSE
Deadmau5,6931,1d055,4,Your Music Radar,285,Double Life Of Mau5e (Skrillex Mix),FALSE
Throttle,1582,1ks3x,4,REMIX86,300,Next Big Thing (Original Mix),FALSE
The Wanted,1080,1ks63,1,POP ON AND ON,342,Chasing The Sun (Mario Larrea Club Mix),FALSE
Viceroy & WhiteNoize,2495,1kt18,10,Silence Nogood,332,Only Takes (Original Mix),FALSE
Lana Del Rey,2117,1kr6z,25,Cougar Microbes,224,Blue Jeans feat. Azealia Banks (Smims&Belle Extended Remix),FALSE
Joel Zimmerman,2413,1krb0,5,Your Music Radar,431,Closer Rev.2,FALSE
Two Door Cinema Club,9150,11sem,8,Indie Shuffle,226,"Eat That Up, It's Good For You",TRUE
LIL KIDS,2409,1m1ve,5,Dingus,196,Nobodies,FALSE
The Twelves,1345,1m1d0,3,Revista Metrónomo,866,The Twelves | 08.05.2012,FALSE
Ben Howard,4764,1m1ef,5,Cover Lay Down,273,Call Me Maybe (Carly Rae Jepsen Cover),FALSE
Kill Paris,4306,1ky0n,8,touchez francais,259,Keep Your Secrets in Midnight City,TRUE
emma louise,3856,1m13r,12,Let's Not Get Carried Away,274,Boy,FALSE
Pretty Lights,4443,1m0jt,15,EARMILK,260,You Get High,TRUE
Ghost Beach,3866,1m0a7,26,KEXP Blog,208,Miracle,FALSE
Childish Gambino,3195,1kzn8,8,CHROMEMUSIC,141,Fuck Your Blog (feat. Flynt Flossy & Yung Humma),FALSE
Laidback Luke,3800,1kzfe,4,EARMILK,368,1234 Feat. Chuckie & Martin Solveig (Original Mix),TRUE
M83,2524,1m0ab,52,Music For Ants,291,Graveyard Girl,FALSE
Goldroom,12102,1m044,62,Buzzbands.LA,300,Fifteen (ft Chela),FALSE
The Knocks,5156,1kzak,26,JayeL Audio Music,324,Learn To Fly,FALSE
Kindness,3797,1k8g5,44,Genre Confused,217,House,FALSE
Active Child,1932,1kqq6,16,Indiehere,183,Hanging On (GRVRBBRS Remix),FALSE
No Doubt,599,1ksgh,1,Duurt Lang,264,Don't Speak,FALSE
Project 46,1172,1ktar,3,aerial noise,316,The Rift (Original Mix),FALSE
Ewok Fur,594,1ks44,3,guerolitomusic,161,moving to antarctica sounds quite ok,FALSE
Flux Pavilion,1466,1krp8,7,Salacious Sound,317,Daydreamer feat. Example (Jack Beats Remix),FALSE
XV,1939,1ks0q,2,Et Musique Pour Tous,290,Pictures On My Wall,FALSE
Feist,788,1krzh,1,This Is That Song,281,Secret Heart,TRUE
Summer Heart,1909,1ks5c,1,Hilly Dilly,246,I Wanted You To Stay On the Other (Side),FALSE
Bob Marley,4190,1ks6g,2,The Music Ninja,306,Sun Is Shining (Smoke Out Dubstep Remix),FALSE
Hoodie Allen,10875,1kbc4,6,This Bonus Track,201,No Faith In Brooklyn (Feat. Jhameel),FALSE
Avicii feat. Salem Al Fakir,5845,1kbcn,3,EARMILK,392,Silhouettes (Original Vocal Mix),FALSE
Amadou & Mariam,3038,1kbzc,6,the steely stylus,312,Je pense a toi,FALSE
Felix Cartal,11523,1ksas,10,Chubby Beavers,201,Tonight (Original Mix) (feat. Maja Ivarsson from The Sounds),FALSE
Greg Laswell,2387,1ks5y,1,POP ON AND ON,228,Come Back Down (feat. Sara Bareilles),FALSE
Foster the People,3212,1kr1b,14,All Things Go,366,Don't Stop (Oliver Remix),FALSE
Justice,5518,1eahn,34,Stoney Roads,271,Helix,FALSE
Neon Indian,17050,1ddwn,97,Vocododo,266,Polish Girl,TRUE
The White Panda,21365,1ebcm,14,Silence Nogood,234,Midnight Life (Kanye West vs. M83),FALSE
T-Pain,4783,1e8a9,10,One A Day,281,5 O'clock (feat. Wiz Khalifa & Lily Allen),FALSE
Chromeo,3239,1dfpn,27,Et Musique Pour Tous,231,When the Night Falls (feat. Solange Knowles) (Mayer Hawthorne Cover),TRUE
Eric Prydz,5897,1erev,5,One A Day,448,2Night (Original Mix),TRUE
J. Cole,3357,1egj6,9,Avenge the Virgins,190,Nobody's Perfect (feat. Missy Elliott),FALSE
YONAS,2543,1dw12,1,Sunset in the Rearview,229,I Need A Dollar,FALSE
Florence + The Machine,7716,1dwev,13,blahblahblahscience,333,What The Water Gave Me,FALSE
Ke$ha,1213,1gff0,9,Minneapolis Fucking Rocks,293,"Sleazy Remix 2.0 - Get Sleazier (feat. Lil Wayne, Wiz Khalifa, T.I. & André 3000)",TRUE
Swedish House Mafia,8049,1jphx,4,EARMILK,411,Greyhound (Original Mix),FALSE
the horrible crowes,1854,1g64b,1,The New LoFi,291,sugar,TRUE
Wale,4895,1ffz9,5,EARMILK,302,Ambition (feat. Meek Mill & Rick Ross),TRUE
Charlotte Gainsbourg,1236,1g6nk,5,Faded Glamour,229,Out Of Touch,TRUE
Arion Dubstep,2112,1g5vx,1,Penned Madness,228,I'm Coming Home ( Diddy feat. Skylar Grey),FALSE
Mashup-Germany,7740,1g7r0,7,Silence Nogood,245,Top of the Pops 2011 (What The Fuck),FALSE
Birdy,6775,1fz31,13,The Morning After,309,1901 (Phoenix Cover),FALSE
Mike Posner,4521,1g53y,8,Pick Up The Headphones,204,Looks Like Sex,FALSE
Neko Case,11,1bgn6,1,Town Full of Losers,125,Misfire (Queen cover),FALSE
Ryan Adams,7,1bem2,1,Largehearted Boy,319,Head Over Heels (Tears For Fears),FALSE
Gym Class Heroes feat. Neon Hitch,4983,1gh6m,3,the burning ear,316,Ass Back Home (Black Cards Remix),FALSE
The Rapture,3392,1epjs,18,Nashville Nights,388,How Deep Is Your Love (A-Trak Remix),TRUE
Zeds Dead,20058,1e2kk,32,Muros de Absenta,184,Coffee Break,TRUE
BASTILLE,15003,1fbqe,13,JayeL Audio Music,188,What Would You Do? (City High Cover),FALSE
"Avicii,David Guetta,Special Features,Max'C,Pete Sweat",3639,1fg49,2,aerial noise,369,Avicii Ft Guetta - Sunshine Special Features ( Pete Sweat - I Found U In Sunshine ),FALSE
Overnight Celebrity Thrill,4859,1f4xt,1,AudioCred,241,Wiz Khalifa feat. Twista & Kanye West,FALSE
Jay-Z & Kanye West,3830,1f4am,10,Cougar Microbes,275,Niggas In Paris (feat. T.I.) (Remix),FALSE
Volta Bureau,2875,1etbs,8,Dancing Astronaut,300,Alley Cat,TRUE
Grouplove,9042,1f4xw,12,EARMILK,245,Colours (Xaphoon Jones Remix),FALSE
Peter and Kerry,2484,1espa,5,New Music Collaborative,220,Knees,TRUE
Drake & Waka Flocka,1711,1e9hp,14,EARMILK,259,Round of Applause,TRUE
Howard Iceberg & The Titanics,1,1csa5,1,ninebullets,206,The Wrestler,TRUE
David Guetta & Afrojack,5873,1dp5k,5,This Bonus Track,317,Lunar (Original Mix),FALSE
The Devil Whale,40,1bptt,11,Tough Customer // Wire,228,Standing Stones,TRUE
My Morning Jacket,10,1bx5q,1,Troubled Souls Unite,313,Movin Away (5.31.11),FALSE
Ryan Adams,6,1bdkk,1,Cover Me,78,Caribbean Queen (Billy Ocean cover),FALSE
William Elliott Whitmore,5,1berf,1,captain's dead,277,what u do,TRUE
Caitlin Rose,14,1bxj3,4,Teenage Kicks,208,Faithless Love,FALSE
Those Darlins,104,1aq2h,9,Rollo & Grady,220,Be Your Bro,TRUE
William Elliott Whitmore,8,1berb,1,captain's dead,135,oh susanna,FALSE
William Elliott Whitmore,4,1berc,1,captain's dead,182,diamond in my pocket,FALSE
Ryan Adams,3,1bdkm,1,Cover Me,198,Brown Sugar (The Rolling Stones cover) (Band version),FALSE
Joe Pug,4,1bdxz,1,Largehearted Boy,219,Speak Plainly Diana,FALSE
Tinie Tempah,3335,1bc3v,2,First up!,212,Till I'm Gone (Feat. Wiz Khalifa),TRUE
Ian McFeron,4,1bbds,1,Richmond Playlist,171,Good Morning (I'm Still Here),TRUE
Ryan Adams,6,1bdk7,1,Cover Me,639,Dead Flowers (The Rolling Stones cover),FALSE
William Elliott Whitmore,1,1bera,1,captain's dead,100,run johnny run,FALSE
SebastiAn,1349,1bdm3,6,FYaCity,175,C.T.F.O. (feat. M.I.A),FALSE
Santah,55,1awtf,4,Obscure Sound,267,White Noise Bed,FALSE
Emmylou Harris,11,122mx,3,Cover Lay Down,245,Millworker (James Taylor cover),FALSE
Townes Van Zandt,19,qdje,3,Carnival Saloon,196,To Live Is To Fly,FALSE
Ian McFeron,8,1bbdx,1,Richmond Playlist,210,I'll Come Knockin',TRUE
Keegan DeWitt,269,1b7px,7,The Wounded Jukebox,270,Thunder Clatter,TRUE
Anthony Da Costa,18,1b93s,1,Cover Lay Down,336,Boots of Spanish Leather (Bob Dylan Cover),TRUE
Ian McFeron,7,1bbdw,1,Richmond Playlist,210,Comfort In The Bottle,TRUE
Jason Isbell & The 400 Unit,50,1atc2,4,ninebullets,229,Alabama Pines,TRUE
O'Death,774,18kgj,43,SUCKA PANTS,135,Bugs,TRUE
Keegan DeWitt,56,16s1w,3,guerolitomusic,298,Two Hearts (mp3),TRUE
Ryan Adams,6,1bdk6,1,Cover Me,382,Lovesick Blues (Hank Williams cover),FALSE
Ryan Adams,3,1bdkc,1,Cover Me,321,Sin City (The Flying Burrito Brothers cover),FALSE
Southeast Engine,11,1a055,3,Music Savage,307,Adeline of the Applachian Mountains,FALSE
William Elliott Whitmore,44,1bbvs,7,brooklynvegan,256,Everything Gets Gone,TRUE
Caitlin Rose,23,19mrn,3,My Old Kentucky Blog,198,Shanghai Cigarettes (LaundroMatinee.com session),TRUE
The Elected,57,1bbhp,7,Indie For Bunnies,232,Go For The Throat,TRUE
Richard Buckner,4,1b90q,1,Hyperbolium,138,Traitor,TRUE
Dawes,165,10hkx,9,The Ruckus,246,When My Time Comes,TRUE
Band of horses,389,bj2x,12,Draw Us Lines,189,the general specific,TRUE
The Devil Whale,76,19ad0,10,The Wheel's Still In Spin,224,9 Barracudas,TRUE
The Moondoggies,20,18d25,7,Austin Town Hall,164,Track 01,TRUE
William Elliott Whitmore,9,1berk,1,captain's dead,269,shotgun,FALSE
Jason Isbell,4,1bemj,1,Berkeley Place,382,Hey Pocky Way (The Meters),FALSE
Virginia Dare,6,1bdww,1,For The Sake Of The Song,225,How Does It Feel,FALSE
Ryan Adams,3,1bdjx,1,Cover Me,231,Saturday Night Special (Lynyrd Skynyrd cover),FALSE
Ryan Adams,15,1bdk4,1,Cover Me,194,Dead Leaves and Dirty Ground (The White Stripes cover),FALSE
Ryan Adams,13,1bdke,1,Cover Me,108,Asleep (The Smiths cover),FALSE
Okkervil River,87,1adc0,9,Heartache with Hard Work,265,Rider,FALSE
Ryan Adams,7,1bdkb,1,Cover Me,407,Rocket Man (Elton John cover),FALSE
Caitlin Rose,10,197sq,2,Largehearted Boy,131,Marie (Randy Newman),FALSE
Jason Isbell,7,1bemh,1,Berkeley Place,365,Atlantic City (Springsteen),FALSE
Jon Langford,11,1b7qh,6,Berkeley Place,257,Sentimental Marching Song,FALSE
The Elected,6,1aavz,1,Everybody Taste,239,Go For The Throat,FALSE
Peter Case,6,1achw,4,Largehearted Boy,246,Round Trip Stranger Blues,FALSE
Monsters Of Folk,339,vmm7,13,surviving the golden age,174,Baby Boomer,FALSE
Ryan Adams,9,1bdjd,3,Largehearted Boy,382,Expressway To Yr Skull %,FALSE
Ryan Adams,40,tbe2,4,Cover Me,222,Like A Virgin (Madonna Cover),FALSE
Ryan Adams,17,1bdjm,2,Fuzzy Logic,219,Sweet Home Alabama,FALSE
Ryan Adams,12,1bdjc,1,Cover Me,123,Last Nite (The Strokes cover) (Solo Version),FALSE
Ian McFeron,5,1bbdt,1,Richmond Playlist,243,Anna Behind The Veil,FALSE
Ian McFeron,12,1bbdv,1,Richmond Playlist,316,Summer Nights,FALSE
Ryan Adams,16,1bdjq,1,Cover Me,401,Helpless (Neil Young cover),FALSE
Jeffrey Foucault,28,1bd94,4,Slowcoustic,293,Goners Most,FALSE
Ryan Adams,9,1bdk5,1,Cover Me,441,A Song for You (Gram Parsons cover),FALSE
Ryan Adams,6,1bdjp,1,Cover Me,402,Stella Blue (The Grateful Dead cover),FALSE
Ryan Adams,3,1bdjv,1,Cover Me,195,You're Still on My Mind (Luke McDaniel cover),FALSE
The Elected,141,1aasq,15,The Wheel's Still In Spin,212,Babyface,FALSE
Ryan Adams,4,1bdjs,1,Cover Me,294,Hickory Wind (The Byrds cover),FALSE
Ryan Adams,6,1bdjg,1,Cover Me,529,Come Down Easy (Spacemen 3 cover),FALSE
Elliott BROOD,317,1b4px,17,Chromewaves,303,Northern Air,FALSE
Richard Buckner,62,1b57r,22,My Aimz is True,313,Traitor,FALSE
Ryan Adams,12,1bdjz,1,Cover Me,204,I Still Miss Someone (Johnny Cash cover),FALSE
Ryan Adams,3,1bdka,1,Cover Me,171,Last Nite (The Strokes cover) (Band Version),FALSE
Okkervil River,84,1bdj5,5,Captain Obvious,231,The Valley,FALSE
Ryan Adams,13,1bdk2,1,Cover Me,280,Sweetest Decline (Beth Orton cover),FALSE
Ryan Adams,4,1bdjt,1,Cover Me,245,Bitch (The Rolling Stones cover),FALSE
The Moondoggies,166,17zay,19,The Music Ninja,349,What Took So Long,FALSE
Ryan Adams,7,1bdjr,1,Cover Me,363,Wharf Rat (Grateful Dead cover),FALSE
Ryan Adams,7,a1n6,2,Popdose,154,Two,FALSE
Ryan Adams,3,1bdk0,1,Cover Me,495,Brown Sugar (The Rolling Stones cover) (Solo version),FALSE
Ryan Adams,6,1bdjk,1,Cover Me,147,Disco Duck Rap (Rick Dees and His Cast of Idiots cover),FALSE
My Morning Jacket,29,1bd4p,1,Berkeley Place,365,Careless Whisper (Wham!),FALSE
Jason Isbell,4,1ba1q,1,Berkeley Place,195,Only Daddy That'll Walk the Line (Waylon Jennings cover) (Mike Dillon on vocals),FALSE
Alejandro Escovedo,3,1b8v4,1,Largehearted Boy,446,Like A Hurricane,FALSE
Pusha T,1057,1a63q,3,earmilk,183,Open Your Eyes,FALSE
My Morning Jacket,3932,1akfa,70,Shelter From the Norm,439,Circuital,FALSE
Ryan Adams,8,1b8vc,1,Largehearted Boy,119,Nervous Breakdown (Black Flag),FALSE
Anthony Da Costa,5,1b93v,1,Cover Lay Down,310,I'm Looking Through You (Beatles cover),FALSE
Okkervil River,423,1a8rj,42,Chromewaves,206,Wake and Be Fine,FALSE
My Morning Jacket,200,1bbhr,6,Chromewaves,228,1373 Holdin On To Black Metal (Radio Edit),FALSE
Emalkay,895,1b5pj,2,embee music,291,Fabrication (Extended Mix),FALSE
Childish Gambino,18970,190q4,30,EARMILK,215,Freaks & Geeks,FALSE
Austra,12527,18bt7,102,Audio Drums,270,Lose It,FALSE
Jai Paul,10009,108jg,64,music is art,211,BTSTU,FALSE
Afrojack,850,1b6qs,1,earmilk,259,Prututa,FALSE
Alex Winston,1700,18c30,15,EARMILK,220,Locomotive,FALSE
Benjamin Francis Leftwich,2420,14wvc,19,ShinyShinyNew,197,When You Were Young,FALSE
Metric,12812,rppc,30,Off the Radar,263,Help I'm Alive (The Twelves Remix),FALSE
Robyn,6499,19jvd,21,From a High Horse,296,Call Your Girlfriend (Feed Me Remix),FALSE
Drive-By Truckers,14,vjep,2,Bottom of the Glass,302,Lookout Mountain,TRUE
Okkervil River,320,19p5w,32,Indie Rock Cafe,216,Wake and Be Fine,TRUE
Keegan DeWitt,54,13smw,4,guerolitomusic,287,Hearts Beat Loud,TRUE
My Morning Jacket,98,yj17,4,Football and Music,182,Blue Moon,TRUE
Jolie Holland,63,1b7zm,14,This Is That Song,197,Gold and Yellow,TRUE
Friendly Fires,11980,ma8d,124,EARMILK,464,Paris (feat. Au Revoir Simone) (Aeroplane Remix),TRUE
Calvin Harris,11077,1b5g1,16,JayeL Audio Music,184,Bounce (feat. Kelis),FALSE
Body Language,4332,19dre,22,Caveman Sound,319,Social Studies (Plastic Plates Remix),FALSE
Bon Iver,6600,d6gc,51,Shelter From the Norm,401,Re: Stacks,FALSE
Boy & Bear,4929,w0q8,28,The Dadada Music Blog,187,Mexican Mavis,FALSE
The Dean's List,8803,1af10,10,Become Your Drum,153,Dear Professor,FALSE
Jason Isbell,6,1ba1p,1,Berkeley Place,367,Into the Mystic (Van Morrison),TRUE
Deadmau5,1850,1baxw,1,Vacay Wave,443,Maths,FALSE
Avicii ft. Salem Al Fakir,7086,1h189,3,Salacious Sound,358,Silhouettes (Original Mix),FALSE
Martin Solveig feat. Dragonette,17915,158kj,19,Audio Drums,282,Hello (Original Mix),FALSE
Big Sean,2646,1b93h,5,Avenge the Virgins,217,I Do It,FALSE
Ellie Goulding,9973,1b9aq,9,aerial noise,269,Heartbeats (Cosmonaut Grechko edit),FALSE
The Catalina Rhyme Mixers,3722,1b8y2,3,Sunset in the Rearview,223,Nasa Drugs (Kanye West // Wale // Ratatat),FALSE
Justice,1770,1afzn,3,I Love This Beat,304,Civilization (Neon Stereo Private Bootleg),FALSE
Foster The People,13146,1ba33,39,Lautstark,241,Call It What You Want,FALSE
Ellie Goulding,7356,x1v7,13,earmilk,282,Under The Sheets (Baby Monster Remix),FALSE
e-dubble,3264,1b89w,4,This Bonus Track,320,Changed My Mind,FALSE
Afrojack & R3hab,2310,1b6d9,2,Sheena Beaston,360,Aces High Prutata (Original Mix),FALSE
Divide & Kreate,7300,18vtm,6,Oh My Rock,201,Crazy in the deep (Adele vs Gnarles Barkley),FALSE
Eminem,6641,1b0s0,1,This Bonus Track,217,"A Drop In The Ocean (feat. Kanye West, Wiz Khalifa & Ron Pope)",FALSE
Al Bizzare,4290,1b24j,1,Vacay Wave,285,Fresh Scream,FALSE
Ayah Marar,1890,1a9z9,2,earmilk,222,Follow You (YOGI REMIX),FALSE
Avicii,24371,1b6a2,29,Seattle in High Def,334,Levels (Original Mix),FALSE
Band Of Horses,14322,19qx6,15,Et Musique Pour Tous,305,The Funeral (Butch Clancy Remix),FALSE
Afrojack,4449,1b4ry,4,gottadancedirty,324,Pop On Acid,FALSE
Amadou & Mariam,12320,1789c,31,djnodj,353,Sabali (Miike Snow Remix),FALSE
Sleigh Bells,10369,124sg,63,EARMILK,230,Rill Rill,FALSE
Ellie Goulding,22544,1753q,21,Silence Nogood,281,Your Song (Blackmill Dubstep Remix),TRUE
The Black Keys,22226,10k0q,94,Indie Shuffle,210,Tighten Up,TRUE
Arcade Fire,10860,13n5s,74,JP's Blog,326,Sprawl II (Mountains Beyond Mountains),FALSE
Lupe Fiasco,23793,15xt6,28,No Genre,240,The Show Goes On,FALSE
Bright Eyes,3681,17hp9,64,music is art,236,Shell Games,FALSE
Caribou,16603,z73x,192,Le Limonadier,315,Odessa,FALSE
Broken Bells,19010,y7dr,124,Delicieuse Musique,232,The High Road,FALSE
Skrillex,4557,15wcb,14,I Love This Beat,204,Scary Monsters And Nice Sprites (Noisia Remix),FALSE
BRITNEY SPEARS,1818,1ahex,2,Nashville Nights,227,Till the World Ends ( Bloody Beetroots Rmx ),FALSE
California Wives,3084,19k2h,34,The Panic Manual,246,Tokyo,FALSE
Red Hot Chili Peppers,6520,1aa3b,6,EARMILK,265,Can't Stop (Love & Light Dubstep Remix),FALSE
Wolfgang Gartner feat. Will.I.Am,3181,1ahcr,6,The Wet Blog,220,Forever (Radio Edit),FALSE
Avicii vs. Morgan Page and Lissie,9164,18cmr,5,EARMILK,431,The Longest Bromance (Iacabone Edit),FALSE
Beastie Boys,6692,1aez0,63,The Dadada Music Blog,210,Make Some Noise,FALSE
James Vincent McMorrow,13239,1ae4f,35,2 U I Bestow,205,We Don't Eat (Adventure Club Dubstep Remix),FALSE
Of Monsters And Men,26215,179kx,71,Meadow Music,246,Little Talks,TRUE
Xaphoon Jones,12186,1ab7h,14,Oh My Rock,179,The Jackson Pit,TRUE
Foster The People,18433,zwnr,77,Golden Bloggen,253,Pumped Up Kicks,FALSE
Dr. Dre,5569,18jdc,3,Music-mashs Blog,284,I Need a Doctor (feat. Eminem),FALSE
Afrojack,7499,17pca,3,This Bonus Track,480,Replica (Daft Punk Vs. Yelle Vs. Katy Perry Vs. Bloc Party Vs. Major Lazer),TRUE
Toro Y Moi,9767,17610,144,frenchysymphony,270,Still Sound,FALSE
Cults,20102,102c2,224,Music For Ants,202,Go Outside,FALSE
Wiz Khalifa,880,17pk5,1,the culture of me,221,This Plane (Sound Remedy remix),FALSE
Hidetake Takayama,993,17pn7,1,Hilly Dilly,340,Sunset Song,TRUE
Röyksopp,2931,pr7d,35,FYaCity,332,Happy Up Here (Boys Noize Remix),FALSE
Zeds Dead,7337,12ec5,21,Silence Nogood,271,White Satin,FALSE
The Tallest Man On Earth,6738,z7wd,117,Star Maker Machine,206,King of Spain,TRUE
Robyn,12395,11aym,60,Listen Before You Buy,291,Dancing On My Own,FALSE
Clockwork,1622,10gjx,5,surviving the golden age,241,Office Musik (Dwight K. Schrute vs Weezy F. Baby),FALSE
Chiddy Bang,3205,155za,2,Silence Nogood,177,The Good Life (Prod. Pharrell Williams),FALSE
The White Panda,7701,1621k,7,Silence Nogood,172,Escape Day 'N' Nite (Kid Cudi // Tiesto),TRUE
iSquare,7240,15v9c,10,The World Forgot,324,HEY SEXY LADY (SKRILLEX REMIX),FALSE
Gorillaz,2077,17nvy,10,earmilk,206,Revolving Doors,FALSE
Cee-Lo Green,17482,1618f,67,Another Dying Art Form,225,Fuck You,FALSE
Lady Gaga,2407,11x0p,5,Ants in My Trance,377,Alejandro (Skrillex Club Mix),FALSE
Skrillex,8822,162dq,15,Friends From Far,297,Kill Everybody (Original Mix),FALSE
Class Actress,2641,1e85t,43,Thought on Tracks,242,Weekend,TRUE
Camo & Krooked,1964,1espe,3,AudioCred,250,Far Away,TRUE
"Nervo (Afrojack, Steve Aoki & Cheyenne Giles Edit)",5336,1dwf0,4,D SQUARED,436,We're All No One,TRUE
Klangkarussell,14345,1jgv0,17,The Music Ninja,360,Sonnentanz,TRUE
Lupe Fiasco,2521,1g5hj,1,blahblahblahscience,406,"Super Cold (Raak Remix) (Feat. Ab-Liva, Asaad & Gilbere Forte)",TRUE
Odjbox,4507,1g60h,1,Music For Morons,190,Birmingham,TRUE
Saukrates,1879,1fg3p,2,The Music Ninja,170,Say I,TRUE
Hoodie Allen,2948,1d7tj,5,The Jackplug,196,Song For An Actress,TRUE
Galapaghost,3645,16nnm,16,the steely stylus,187,Never Heard Nothin',TRUE
Hoodie Allen,3648,18a02,7,The Smoking Section,197,Dreams Up,TRUE
Mark Ronson And The Business Intl,1869,15562,8,AWmusic,265,The Bike Song (feat. Kyle Falconer & Spank Rock),TRUE
Jason Isbell,4,1ba1n,1,Berkeley Place,288,Psycho Killer (Talking Heads),TRUE
A-Trak,540,12138,1,First up!,220,O Let's Overdo It,TRUE
David Dallas,2262,11whf,7,JayeL Audio Music,202,Til Tomorrow,TRUE
Outkast,662,120m5,2,One A Day,359,Spottieottiedopaliscious,TRUE
Shwayze,2240,121jz,2,Discobelle,237,Buzzin' (DJ Skeet Skeet & Cory Nitta Remix),TRUE
Kings of Convenience,3304,tgsm,20,Delicieuse Musique,221,Boat Behind,TRUE
Eminem,7295,12gk7,7,AWmusic,264,Love the Way You Lie (Feat. Rihanna),TRUE
The White Panda,5657,12bjt,10,Seattle in High Def,170,The Next Starf*cker (Snoop & Dre meet Starfucker),TRUE
Cee Lo Green,2472,12ewk,4,the burning ear,239,What Part Of Forever,TRUE
Andre 3000 (Feat. Norah Jones),1510,121k0,1,Avenge the Virgins,157,Take off your cool,TRUE
CocoRosie,420,hv6n,2,The New Montreal,181,Sunshine,TRUE
Wait What,1247,14d3j,2,Sunset in the Rearview,211,i gotcha right moves (lupe fiasco vs. onerepublic),TRUE
Wait What,2698,14fp8,3,the burning ear,274,got urself an electric gun (nas vs mgmt & justice),TRUE
The Jimi Hendrix Experience,802,11ngk,2,indie shuffle,408,Like A Rolling Stone (Bob Dylan Cover),TRUE
Deadmau5,11137,11p39,13,Intentional Independent Inspiration,447,Some Chords (Original Mix),TRUE
WTF?! & dead prez,696,140t3,2,earmilk,336,It's Bigger Than Hip Hop (Sidney Samson Remix),TRUE
Cassius,721,143rp,1,Why FuKK When You Can Dance,142, I 3 U So,TRUE
Professor Green,1452,13ymc,2,Kick Kick Snare,288,Just Be Good To Green (Joker Vocal Remix),TRUE
Tim Gunter,3441,14146,1,musical pairings @ eating/sf,265,"Ghosts 'N Money feat. Deadmau5, Drake, Birdman and Lil Wayne",TRUE
Gangstarr,2665,12mkz,1,Silence Nogood,178,Work,TRUE
Phoenix,3294,v1wz,4,indie shuffle,174,1901 (acoustic),TRUE
Drake & Coldplay,3334,12gbs,2,Cause=Time,391,"Forever La Vida (feat. Lil Wayne, Kanye West & Eminem)",TRUE
Oasis,4847,12kz0,8,Pigeons and Planes,248,Wonderwall (Questions Version),TRUE
The Hood Internet,8533,10g9w,9,Hear No Evil,211,Nuthin' But A Journal Thang (Dr. Dre vs Class Actress),TRUE
Atmosphere,12590,an3p,18,No Country For New Nashville,217,Sunshine,TRUE
Lily Allen,1201,11nf2,1,Town Full of Losers,150,Everybody's Changing,TRUE
The White Panda,4778,11px3,10,Silence Nogood,238,Drake & Diane (Drake // John Mellencamp),TRUE
B.o.B + Asher Roth,3688,11zec,4,Hot Biscuits,308,Fuck The Money,TRUE
Blur,551,b1wn,3,Scottish Friction,318,Coffee & TV,TRUE
Miike Snow,10398,shb9,13,This Bonus Track,250,Song for No One,TRUE
Hey Champ,6200,kq1z,51,We Are Noise,263,Cold Dust Girl,TRUE
Hathbanger,3287,zezy,7,on THE spur of the moment,195,Party and Bullshit In the U.S.A. (Miley vs. Notorious B.I.G.),TRUE
Aloe Blacc,18548,zrgm,78,The 'Spill,245,I Need a Dollar,TRUE
Chiddy Bang,8022,112cr,10,Sunset in the Rearview,187,Hey London,TRUE
KiD CuDi,20064,j3n8,16,The New LoFi,219,The Prayer,TRUE
Two Door Cinema Club,22211,10spe,87,All Things Go,249,Something Good Can Work (The Twelves Remix),TRUE
Sublime,338,10rst,1,Hear No Evil,212,Scarlet Begonias,TRUE
Walter Murphy & The Big Apple Band,4916,kkj9,14,Schitz Popinov,225,A Fifth of Beethoven (Soulwax Remix),TRUE
Theophilus London vs. Vampire Weekend,1575,12hca,9,CHROMEMUSIC,151,Give It Up Dad,TRUE
shwayze,1373,11mk1,1,Stoney Roads,247,04 GET U HOME - (Bloody Beetroots Italo Disco Rmx),TRUE
Phoenix,8656,rm01,10,Kick Kick Snare,258,1901 (Customised by DLID),TRUE
Jay-Z vs. The Dap Kings,2182,14c8p,11,Kick Kick Snare,238,99 Problems (Prince Ballard Royal Edit),TRUE
White Rabbits,3086,r37c,68,Chromewaves,189,Percussion Gun,TRUE
Camron,1403,11gk0,2,One A Day,243,Spend The Night,TRUE
Bone Thugs-n-Harmony,279,10nwd,2,melophobe,257,D.O.A. (Jay Z Cover),TRUE
wait what,1637,10s0e,3,Sunset in the Rearview,258,mo stars mo problems [the notorious b.i.g. vs. the xx],TRUE
MGMT,614,11mhk,1,earmilk,329,Kids (DJ STHLM Remix),TRUE
Gang Starr,1433,11f9p,3,A Grumpy Old Man With A Beard,225,Above The Clouds,TRUE
DeVotchKa,4533,98wz,30,The Ruckus,420,How It Ends,TRUE
Lupe Fiasco,1550,11fnw,1,Pigeons and Planes,260,Love Letter To The Beat,TRUE
The Temper Trap,16403,11akb,30,J(am) of the Day,391,Sweet Disposition (RAC Mix),TRUE
B.o.B,5398,11egv,7,Mixtape Maestro,219,Not Lost feat. T.I.,TRUE
Justin Bieber x MSTRKRFT,5195,11626,12,Music That We Like,218,Heartbreaker Baby (CJ Milli Mix),TRUE
Crystal Castles,5036,11nnh,31,ACE,270,Vietnam (lightsoverla remix),TRUE
Coconut Records,6419,91z5,41,Side One Track One,208,West Coast,TRUE
Katy Perry,8504,kgqy,28,Minneapolis Fucking Rocks,207,Electric Feel (MGMT COVER),TRUE
wait what,1972,10npy,8,Indie Shuffle,236,juicy-r [the notorious b.i.g. vs. the xx],TRUE
Mumford And Sons,15078,w6fn,26,Indieball,261,Little Lion Man,TRUE
wait what,488,10s0d,2,THE RATCATCHERS,272,it's all about the crystalizabeths [the notorious b.i.g. vs. the xx],TRUE
Jay-Z vs Black Kids,3577,10s43,3,say it like slam,192,Not Gunna Encore (Ha! Yes Mash-Up),TRUE
Victor Menegaux,2086,n8r6,2,Rollo & Grady,195,Going Back To Dani (Notorious B.I.G. vs. Red Hot Chili Peppers),TRUE
Wait What,4199,10s72,6,La detente generale,183,Islands Is The Limit (The Notorious B.I.G. vs. the xx),TRUE
The Velvet Underground,1265,ywmy,2,songs that are good,450,Oh! Sweet Nuthin',TRUE
Brand-x,2661,12gsj,5,Vacay Wave,209,Chillin on the Plane L (M.I.A. x Wale x Lady Gaga),TRUE
Phoenix,13182,4jcp,29,One A Day,267,If I Ever Feel Better,TRUE
Vampire Weekend,1219,zh5d,20,indie rocker revolution,145,Ruby Soho (Rancid Cover),TRUE
The Hood Internet,7087,zfa7,15,earmilk,185,Ignition (Keep It Remixing Louder) (R. Kelly vs Major Lazer),TRUE
The Hood Internet,6215,rmg6,11,JayeL Audio Music,169,Comfortable Up Here (Lil Wayne vs Röyksopp),TRUE
The White Panda,13081,zx98,10,Silence Nogood,200,Shooting Superstars (Eminem vs Bag Raiders),TRUE
Rusko Vs Ludacris,1112,zwcs,5,POSTMUSIC,214,I Can Go Thug (Twerkshop Mashup),TRUE
The Hood Internet,568,t7gk,4,The Music Ninja,238,Make The Loop Say Aye (OJ Da Juiceman vs Discovery),TRUE
YACHT,4072,saem,58,The Panic Manual,309,Psychic City (Voodoo City),TRUE
Edward Sharpe & The Magnetic Zeros,26108,tedp,120,The 'Spill,304,Home,TRUE
Danger Mouse & Sparklehorse,4679,rxp3,33,Indie Rock Cafe,273,Little Girl (w/ Julian Casablancas),TRUE
Matt & Kim,9250,vchz,15,Cougar Microbes,275,Daylight (Troublemaker Remix feat. De La Soul),TRUE
Clockwork,4655,10dfz,2,The Music Ninja,243,Office Musik (Dwight K. Shrute Vs. Weezy F. Baby),TRUE
The White Panda,9367,10e1a,15,Salacious Sound,201,Tipsy In The Sun (Weezer // J-Kwon),TRUE
The Beach Boys,7708,v1rq,12,My Universal Language,219,Wouldn't It Be Nice (The Girls Can Hear Us Remix),TRUE
The White Panda,1596,1088r,10,FYaCity,185,"Ready For My Neck, My Back (Hot Chip // Khia)",TRUE
Jonsi,2070,1077k,15,The Wounded Jukebox,255,Tornado,TRUE
The xx,620,w2xz,4,Streetkiss music,258,Teardrops,TRUE
Focus,569,xprk,6,The 'Spill,403,Hocus Pocus,TRUE
RADIO KROME,433,tbhd,2,Subservient Experiment,187,Amanda Blank - Might Like You Better (RADIO KROME Remix),TRUE
Miike Snow,9207,shb4,31,Side One Track One,386,Silvia,TRUE
Kidz in the Hall,969,108mg,4,blahblahblahscience,278,Take Over the World (Feat. Colin Munroe) (Prod. Just Blaze),TRUE
KiD CuDi Ft. Snoop Dogg,3125,107z7,1,First up!,271,I Do My Thing (prod. by Dr. Dre),TRUE
Biggie vs Tupac vs The xx,11268,v9et,13,Cause=Time,149,Runnin With The xx (Quix vs Elliot Blend),TRUE
K-Os,2940,5f4j,10,Auditor Records,230,Sunday Morning,TRUE
Birdman,945,107nt,1,earmilk,187,Loyalty f. Lil Wayne & Tyga,TRUE
Two Door Cinema Club,24066,107fw,32,Simply 7,191,What You Know,TRUE
Drake,4210,105xk,20,surviving the golden age,236,Over,TRUE
Yeah Yeah Yeahs,5213,107a4,6,Raised on Indie,180,Maps [TGIK Remix],TRUE
Angus & Julia Stone,1420,106x7,3,Streetkiss music,296,Silver Coin,TRUE
The Hood Internet,5427,sxxg,13,Cougar Microbes,207,Billie Wildcat Jean (Michael Jackson vs Ratatat),TRUE
The Hood Internet,10148,zbjg,11,Penned Madness,193,The XX Gon' Give It To Ya (DMX vs The XX),TRUE
Dan Black Feat. Kid CuDi,12197,yzsk,41,My Universal Language,223,Symphonies (Remix),TRUE
David Guetta ft. KiD CuDi,1746,yzkj,2,TAjT,303,Memories (Leo Lotsaless Remix Big Room Build),TRUE
Metric,2139,v4hg,4,The Digital Outhouse,184,"Don't Think Twice, It's Alright",TRUE
Fever Ray,10236,wr53,38,Namunël,288,Seven (The Twelves Remix),TRUE
Mumford & Sons,9227,n6m3,52,The Blue Walrus,247,Little Lion Man,TRUE
Passion Pit,1758,z40m,3,CHROMEMUSIC,143,Sleepyhead (Acoustic Piano Version),TRUE
RJD2,1175,wtrc,4,Rollo & Grady,208,All For U,TRUE
,1163,wtrs,2,The Music Ninja,202,99problems vs. phantom II,TRUE
Wale,5893,wtk5,9,Et Musique Pour Tous,202,90210 (prod. by Mark Ronson),TRUE
Chiddy Bang,6713,sgnw,18,Listen Before You Buy,171,Truth (feat. Passion Pit),TRUE
Don Diablo vs Phoenix vs Jay Z,3371,w912,19,Electronix,205,99 Fences,TRUE
The Scare,465,wr2a,7,Winnie Cooper,465,Could Be Bad  (G.L.O.V.E.S Remix),TRUE
Wale,388,wtpm,1,Hilly Dilly,208,Prescription,TRUE
Justice vs Wu Tang Clan,2260,wc2b,8,earmilk,211,Cream Your Friends (Starters Remix),TRUE
Xaphoon Jones,11181,wbg3,12,EARMILK,200,"Testify (Radiohead, Kanye West)",TRUE
M. Ward,231,q3ke,4,Loft And Lost,255,Hi-Fi,TRUE
Andrew Bird,298,pe12,7,עונג שבת,337,"Not A Robot, But A Ghost",TRUE
Yeah Yeah Yeahs,5762,xqjv,7,The Music Ninja,230,Maps (Acoustic/Strings Version),TRUE
The White Panda,1671,xp2g,2,Muzjiks,226,Stuntin' Like My Energy (Lil Wayne vs Keri Hilson),TRUE
KiD CuDi,22278,y0rf,24,"The Good, The Bad, and The Unknown",146,Cudderisback (Feat. Vampire Weekend),TRUE
DJ Mehdi,685,8smr,4,The Wet Blog,371,Signatune (Spiller Remix),TRUE
Lady Gaga,1151,x9q8,6,The World Forgot,364,Paparazzi (Redlight Remix),TRUE
DJ Gizmo,168,w2er,1,The Animal Show,237,Keep On Till You Get Enough (Steve Miller Band vs. Michael Jackson),TRUE
Arcade Fire,4772,8anb,71,Minored In Music,337,Wake Up,TRUE
Phoenix,564,c520,4,AWmusic,221,One Time Too Many,TRUE
Los Campesinos!,1022,e1e5,20,Gigantic,406,You! Me! Dancing!,TRUE
Phoenix,1176,xfvr,4,EARMILK,247,1901 (Neon Steve Remix),TRUE
Modest Mouse,7078,6ts0,30,The Music Ninja,208,Float On,TRUE
Daft Punk,777,xfwv,1,ilictronix,344,Around the World (Sebastian Leger's Not To Be Released Remix),TRUE
The Whitest Boy Alive,5818,p8k5,22,SLOANE RANGER,212,1517,TRUE
Kanye West,25140,1cxw,23,Silence Nogood,315,Get Em High (Ratatat Remix),TRUE
RJD2,940,t7ng,4,The MusicFile,297,Good Times Roll Pt 2,TRUE
Birdman ft. Drake & Bun B,542,x834,1,First up!,252,Mo Milly (Feat. Drake And Bun B),TRUE
Anya Marina,10389,x3p9,14,New Music Collaborative,229,Whatever You Like (T.I. Cover),TRUE
Aesop Rock,3016,6k70,10,katarokkar,266,Daylight,TRUE
Jay-Z/Danger Mouse,1500,s2er,6,Silence Nogood,267,What More Can I Say,TRUE
dfp,720,1b63h,2,La detente generale,373,I want you Black-Dimitri From Paris super heavy funk brakes remix,TRUE
Rhymefest,1266,45vm,3,Some Songs Considered,227,Build Me Up (Feat. O.D.B.),TRUE
Uffie,1281,w5r0,6,First up!,159,Pop the Glock (Mirwais Pop Remix),TRUE
Casiotone For The Painfully Alone,470,qymc,4,Monstrous Media!,210,Hot Boyz (W/ Dear Nora),TRUE
Miike Snow,12103,qc6a,79,8106,264,Animal,TRUE
Vampire Weekend,5854,w7d5,79,Chromewaves,208,Horchata,TRUE
Noah And The Whale,1828,mxq0,2,the OCMD,215,5 Years Time,TRUE
Vampire Weekend,3363,kjm4,27,We All Want Someone To Shout For,243,Ottoman,TRUE
KiD CuDi,1732,veq4,2,Tympanogram,236,"G.O.O.D. Music, Soundtrack 2 My Life",TRUE
KiD CuDi ft. Ratatat,49,vkef,1,First up!,225,Pursuit of Happiness (Live Late Show with David Letterman 11th of September 2009),TRUE
KiD CuDi,4511,vfb3,6,Indie Shuffle,227,"Up, Up, And Away (The Wake And Bake Song)",TRUE
Justice,445,vm3w,2,tashed,362,Phantom Pt.2 (Freemasons Remix),TRUE
La Roux,11606,yrgg,61,THE VINYL VILLAIN,303,In For The Kill (Skream's Let's Get Ravey Remix),TRUE
Miike Snow,5274,t5nj,7,ilictronix,316,In Search Of,TRUE
Kanye West,1589,vbyy,5,EARMILK,318,Flashing Lights (High Contrast Remix),TRUE
Fly Gypsy,483,vbpt,2,surviving the golden age,289,Reasons (feat. Kanye West),TRUE
Phoenix,2705,w1fs,9,Tunes I Dig,181,Everything Is Everything,TRUE
Kinetic Stereokids,354,tn1m,4,Obscure Sound,277,Twisted Thoughts,TRUE
Chromeo,1331,c53c,21,Trashbag Kids,269,Bonafied Lovin (YUKSEK remix),TRUE
The Hood Internet,6072,r3xt,23,popgoestheradio,198,Good Ol' Fashion Rump Shaker (Beastie Boys vs Matt & Kim),TRUE
DJTOPCAT,706,w0s9,3,Tastes Like Caramel,230,Paper heartbeats-88bpm (master),TRUE
The Hood Internet,19650,rhqc,30,The Dadada Music Blog,215,Two Weeks Of Hip Hop (Dead Prez vs Grizzly Bear),TRUE
Phoenix,5173,qmdh,22,Friends From Far,459,Love Like a Sunset,TRUE
Miike Snow,4023,vz6m,19,Plain Or Pan?,221,Black & Blue,TRUE
Discovery,5957,smgf,15,The Panic Manual,158,Swing Tree,TRUE
Passion Pit,1800,v678,12,EARMILK,368,To Kingdom Come (Grum Vocal Mix),TRUE
Peter Bjorn And John,6720,3m88,83,Indie Shuffle,276,Young Folks,TRUE
The Bloody Beetroots,803,w0s1,1,KEEPREAL,261,Warping  is Awesome (TOMY's edit),TRUE
John Mayer,2003,w0v7,6,Audio Muffin,180,Who Says,TRUE
Ishivu,533,w0mw,3,amix music,267,New Clear Head,TRUE
Jay-Z and Marvin Gaye,9421,vxyr,6,earmilk,260,Hello Brooklyn,TRUE
"Mos Def, Jim Jones & Black Keys",331,vm5p,2,earmilk,202,Hoochie Coo,TRUE
DJDT,479,r80g,2,FMLY,208,Killers Remix Dude!,TRUE
Xaphoon Jones,6605,vf8f,5,Songs to Save,293,"I Wanna Know Now (Bob Marley, MGMT)",TRUE
Kid Cudi,5335,vq91,15,Sunset in the Rearview,267,Make Her Say (Sammy Bananas Remix),TRUE
Jay-Z,402,vaqp,2,earmilk,151,Hate f. Kanye West,TRUE
Johnny Cash,546,9rbd,6,THE VINYL VILLAIN,233,One,TRUE
Band Of Horses,8287,bfyh,51,Chromewaves,217,No One's Gonna Love You,TRUE
Ratatat,1411,gq27,38,JP's Blog,258,Shiller,TRUE
Obadiah Parker,1228,qbbg,9,CHROMEMUSIC,268,Hey Ya,TRUE
Jay-Z,1409,vb36,1,earmilk,270,Already Home (feat. Kid Cudi),TRUE
Chiddy Bang,15647,r6j7,49,SUCKA PANTS,193,Kids (Feat. MGMT),TRUE
MGMT,423,trt6,1,Rollo & Grady,252,Hot Love Drama,TRUE
Ratatat,750,p8gq,6,The ill-ec-tro-nic,597,Mirando (Animal Collective remix),TRUE
Eminem,1947,q92d,9,Squeegie,278,Crack A Bottle (DiscoTech Remix),TRUE
The Bloody Beetroots,3782,t624,21,redthreat,153,4.AWESOME FEAT THE COOL KIDS,TRUE
Ellie Goulding,16554,wqxb,32,The Music Ninja,199,Sleepyhead (feat. Starsmith) (Passion Pit Cover),TRUE
The xx,3930,v434,24,Off the Radar,261,Shelter (Them Jeans Drum Edit),TRUE
The Phenomenal Handclap Band,1018,ry1x,19,Tympanogram,254,Baby,TRUE
The Spinto Band,975,2ywv,23,The Opening Acts,215,Oh Mandy,TRUE
Super Mash Bros.,2635,qsy1,4,Mashup of the Week Podcast,117,I Fucking Bleed Purple And Gold,TRUE
Miike Snow,523,v4va,2,the burning ear,525,Animal (Fred Falke Remix),TRUE
Fever Ray,1118,p6r0,24,The 405,505,If I Had A Heart (Fuck Buttons Remix),TRUE
The Rolling Stones,950,9726,6,You Hear That?!?,284,Gimme Shelter,TRUE
Pony Pony Run Run,1280,rbgk,11,Faronheit,193,Hey You,TRUE
Deadmau5 & Kaskade,7979,rh43,18,ilictronix,335,I Remember (Radio Edit),TRUE
Sufjan Stevens,4092,34d8,63,T S U R U R A D I O,363,Chicago,TRUE
We Were Promised Jetpacks,2777,rram,31,The New LoFi,289,It's Thunder And It's Lightning,TRUE
Pnau,12760,hcr9,42,Sunset in the Rearview,236,Baby (Breakbot Remix),TRUE
Drake,7508,1a4xq,21,Totally Twitterpated,229,Little Bit (feat. Lykke Li),TRUE
Diplo,872,ty42,2,djnodj,368,Young Folks (Diplo Youngest Folks Remix),TRUE
Acid Girls,432,ty1e,2,the burning ear,219,Wake Up (feat. Frankmusik),TRUE
Badly Drawn Boy,492,5q52,15,Music For Kids Who Can't Read Good,224,Once Around The Block,TRUE
Belle & Sebastian,387,tzvn,4,Indie Rock Cafe,208,There's Too Much Love,TRUE
Kings Of Convenience,558,tw2n,3,The Digital Outhouse,277,I Don't Know What I Can Save You From,TRUE
Julian Plenti,156,tvpf,3,The Pigeon Post,227,Only If You Run,TRUE
Arcade Fire,748,rb48,5,It All Started With Carbon Monoxide,99,Wake Up (alternate version),TRUE
The Supremes,282,tw6k,2,FMLY,177,where did our love go? (quarterbar redo),TRUE
Deadmau5 vs 2livecrew,397,tg8y,3,Schitz Popinov,315,Moar Face (O-GOD edit),TRUE
Boys Noize,3664,scx3,20,Salacious Sound,255,Jeffer,TRUE
M83,3466,1cjz9,22,Indie Shuffle,303,We Own The Sky,TRUE
Kings Of Convenience,1197,tefc,13,Pigeons and Planes,176,Mrs. Cold,TRUE
Atlas Sound,654,texx,17,djnodj,239,Walkabout,TRUE
Lou Reed,3360,5fwm,17,J(am) of the Day,253,Walk On The Wild Side,TRUE
Matt & Kim,12768,mqap,84,Noonday Tune,171,Daylight,TRUE
Michael Jackson & Cookin' Soul,598,symq,1,Kickin' The Peanuts,182,I Want You Back feat. Lil Wayne,TRUE
Passion Pit,8617,rkfh,66,Indie Shuffle,239,Little Secrets,TRUE
Delorean,2234,ssda,32,All Things Go,279,Deli,TRUE
Vampire Weekend,9115,mtkg,49,Dancing Astronaut,278,The Kids Don't Stand A Chance (Chromeo Remix),TRUE
3oh!3 feat. KiD CuDi (Benny Blanco),849,t6xv,1,White Folks Get Crunk,197,Don't Trust Me (Remix) (Dirty),TRUE
MSTRKRFT,12390,syn4,10,Indie Shuffle,194,Heartbreaker (feat. John Legend),TRUE
Kid Cudi vs. The Postal Service,3864,10tpe,2,Muzjiks,275,Man On the Moon (Such Great Heights RMX),TRUE
French Horn Rebellion,1258,sh97,10,POSTMUSIC,286,Beaches and Friends (Hey Champ Remix),TRUE
Mylo,1399,gzpz,7,amix music,424,Paris Four Hundred (Etienne De Crécy Remix),TRUE
Kid Cudi,4890,qe9q,19,Hejven,281,Dat New New (VIKING Remix),TRUE
The Heavy,597,t7pw,7,omgdelicious!,184,Sixteen,TRUE
The Drums,8096,stqx,123,Austin Town Hall,176,Let's Go Surfing,TRUE
Yael Naim,3686,c26m,16,Bridging The Verse,225,New soul,TRUE
Discovery,5109,rknb,40,music islands,242,Osaka Loop Line,TRUE
Regina Spektor,115,t9ws,1,WeHeartMusic,214,Blue Lips,TRUE
MGMT,251,tb9n,1,The 405,225,Destrokk,TRUE
N.A.S.A.,6057,14zc9,19,Audio Muffin,219,"Gifted feat. Kanye West, Santogold & Lykke Li",TRUE
Passion Pit,4869,qxfq,62,The New LoFi,288,The Reeling,TRUE
Alex Metric,307,t9ww,5,funkism,282,Shirley You Can't Be Serious,TRUE
Kings Of Leon,3360,jgex,45,indie rocker revolution,204,Sex On Fire,TRUE
Madvillain,1701,t9w2,14,Indie Shuffle,166,Money Folder (Four Tet Remix),TRUE
MSTRKRFT feat. John Legend,11593,t97p,4,All Things Go,390,Heartbreaker (Wolfgang Gartner remix),TRUE
Dan The Automator,525,t6f6,6,Sundtrak,311,Rapper's Delight (Van She Tech remix),TRUE
Fleet Foxes,218,mswq,4,Misspeak Music,275,Mykonos,TRUE
Michael Jackson,424,t6pv,1,Berkeley Place,241,Justice For Billie Jean (justice vs. michael jackson) DJ Schmolli,TRUE
La Roux,357,t6a3,10,D SQUARED,333,Bulletproof (Larry Tee & Alexander Technique Blogula Remix),TRUE
CJ Milli,88,ssqz,1,the burning ear,252,The People's Homecoming (Kanye,TRUE
Super Mash Bros.,4681,syn9,1,FMLY,192,Livin The Dream (I'm On A Float),TRUE
Matt & Kim,757,ssy8,2,musical pairings @ eating/sf,227,Yeah Yeah (Flosstradamus Remix),TRUE
Lights On,480,kt7a,6,5 Acts,261,John And Anne,TRUE
White Lies,1717,jtsc,33,Indie Today,287,Death (Crystal Castles Remix),TRUE
Wale,441,ssza,2,Berkeley Place,309,15 Rather Be With You (Vagina Is For Lovers) f. J Cole & Currensy (prod 9th Wonder),TRUE
Metric,16196,1bp6,61,earmilk,320,Monster Hospital (MSTRKRFT Remix),TRUE
Noisettes,3619,vdqj,15,Across The Kitchen Table,192,Never Forget You,TRUE
Lupe Fiasco Feat. Matthew Santos,1291,sq55,1,Pigeons and Planes,275,Shining Down,TRUE
Ra Ra Riot,2252,pg78,16,Berkeley Place,335,Ghost Under Rocks (Passion Pit Mix),TRUE
Holy Fuck,1059,b6t2,45,djnodj,269,Lovely Allen,TRUE
Tatsu,106,spj8,1,We can be honest,147,Our House (prod HERBIE WEST),TRUE
Phoenix,235,sphq,3,Harder Blogger Faster,210,Lisztomania (Star Guitar Remix),TRUE
Florence + The Machine,10650,t5hf,27,Friends From Far,256,Cosmic Love,TRUE
"Alphabeat, FrankMusik and Leon Jean-Marie",3379,hptp,20,Friends by Far,185,Digital Love,TRUE
Sharam ft. KiD CuDi,216,srm4,5,Welikeit.indie,496,She Came Along (Reup Club),TRUE
Lemon Jelly,169,sqjv,1,Blog Rockin' Peet,439,His Majesty King Raam,TRUE
Royksopp,505,ptrz,11,Mp3 Medication,328,Happy Up Here (Datassette Remix),TRUE
Phoenix,5513,rp9h,51,deepbeep,305,Lisztomania (Classixx Version),TRUE
Saxon Shore,78,sq3a,2,Happy Days Are Here Again,396,Nothing Changes,TRUE
Smashing Pumpkins,159,sqdg,1,Penned Madness,364,5B - 1979 (GlowTape!'s 2009 Remix),TRUE
E-603,537,sr4e,4,The Animal Show,320,If You Wanna,TRUE
Bedroom Walls,40,sps5,1,Knox Road,138,Somewhere In Newhall,TRUE
The Gossip,180,sqnx,1,Mola Super Poco,256,For Keeps,TRUE
Grizzly Bear,9355,qp9f,118,said the gramophone,243,Two Weeks,TRUE
Kings Of Leon vs Chew Fu,952,sqqv,1,White Folks Get Crunk,337,Use Somebody (CHEW FU Festival Fix),TRUE
The Kills,1553,je9g,20,Friends by Far,352,Cheap and Cheerful (SebastiAn Remix),TRUE
Santigold,847,sg2z,5,JayeL Audio Music,174,You'll Find A Way Player (feat. Andre 3000 & Bun B),TRUE
Bloody Beetroots,128,spgz,1,KEEPREAL,317,Warp (Blaze Tripp Remix),TRUE
The Knux,221,eq50,8,katarokkar,240,Cappuccino,TRUE
Tatsu,76,spja,1,We can be honest,294,Semilla,TRUE
E-603,1222,sr4g,1,The Animal Show,248,Hey Shorty,TRUE
Phoenix,4258,be6z,16,JP's Blog,108,Playground Love (Air Cover),TRUE
Frankmusik,1297,s8px,15,JayeL Audio Music,304,Confusion Girl (Don Diablo loves to slowdance remix),TRUE
Frankmusik,672,n5pa,6,JayeL Audio Music,166,3 Little Words,TRUE
Discovery,1137,smrx,12,This Bonus Track,187,Carby (Feat. Ezra Koenig of Vampire Weekend),TRUE