,Unnamed: 0,artist,loved_count,mediaid,posted_count,sitename,time,title,loved
0,0,Zimmer,1972,2c369,11,umstrum||music,256,Heartbreak Reputation (feat. Polina),False
1,1,Meek Mill,1437,2c3b0,1,House of Lords,199,R.I.C.O feat. Drake,False
2,2,flor,2296,2c135,11,Indietronica,246,warm blood,False
3,3,Atlas Genius,1801,2c0ff,6,Inthejunkyardmusic,249,Molecules,False
4,4,Robyn,3729,2c3tm,5,acid stag,215,Call Your Girlfriend (Thero & Taylor Wise Remix) (Feat. Allison Weiss),False
5,5,GIBBZmusic,1030,2c12f,15,CLICK AND LISTEN IT,211,I Found You,False
6,6,KAPTAN,1695,2c05m,16,The Burning Ear,242,Anywhere We Go,False
7,7,Oh Wonder,5698,2c48m,17,The New LoFi,208,Landslide,False
8,8,Klyne,6135,2c09d,21,Oh My Rock,187,Paralyzed,True
9,9,Dillon Francis,2752,2c2wx,6,Waxhole,193,Bruk Bruk (I Need Your Lovin),False
10,10,The Knocks,13736,15sj5,41,SFCritic,239,Dancing With The Dj,True
11,11,The Knocks,1942,2bamw,11,EDM Girl,327,Classic (Pat Lok Shymix),True
12,12,PHFAT & Al Bairre,210,2c3hh,1,Indie Shuffle,211,Caviar Dreams,False
13,13,pools,384,2a90h,3,Delicieuse Musique,129,☕ coffee in the morning ☕,False
14,14,Toro y Moi,463,2c2fa,16,Noonday Tune,93,That Instead of This,False
15,15,I'lls,685,2c1kb,15,ilovepie,246,Keep,False
16,16,Doe Paoro,486,2b8vq,8,Northern Transmissions,246,The Wind (feat. Adam Rhodes),False
17,17,Lawrence Taylor,3505,2bw9n,7,EUPHORIA. Magazine,184,Bang Bang,False
18,18,One T & Cool T,904,2bxam,5,Silence Nogood,232,The Magic Key (LeMarquis & FAB Remix),False
19,19,Amen Dunes,871,22ksd,47,Fuzzy Logic,319,Lonely Richard,False
20,20,Tame Impala,4703,23383,54,Silence Nogood,274,Stranger In Moscow(( MJ cover)),True
21,21,Crooked Colours,4364,2bt0t,7,Wonky Sensitive,229,Electric Feel (MGMT Cover),True
22,22,ZEDD feat. Selena Gomez,1315,2bxcb,3,Music You Wanna Listen To,242,I Want You To Know (Steve James Remix),False
23,23,Wolf Alice,2690,2asey,40,Turntable Kitchen,225,Bros,False
24,24,Panda Bear,704,2c1g8,15,surviving the golden age,211,Crosswords (Pete Rock Remix),False
25,25,Wavves X Cloud Nothings,299,2c321,12,Noonday Tune,200,No Life For Me,False
26,26,Michael Calfan,1109,2c14y,6,Inyourspeakers Media,254,Mercy (Original Mix),False
27,27,BAILE,1426,2c09y,9,CLICK AND LISTEN IT,296,Matter (feat. Felicia Douglass),False
28,28,Robyn,1420,2c3ac,5,Music You Wanna Listen To,271,Dancing On My Own (Templeton Remix),True
29,29,Toro y Moi,1099,2c1d3,23,acid stag,189,2Late feat. Kool A.D. and SAFE,True
30,30,Ty Dolla $ign,1794,2c24a,11,Pitchfork,286,Blasé feat. Future & Rae Sremmurd,False
31,31,FETTY WAP,1214,2c41v,8,Abouttoblow,263,D.A.M DATS ALL ME,True
32,32,A$AP Rocky,3923,2c367,2,Dancing Astronaut,292,LSD (Shemce Remix),False
33,33,Alesso,3312,2c389,4,stereogum,191,This Summer's Gonna Hurt Like A Mother F****r (Alesso Remix) (Radio Edit),True
34,34,Tame Impala,961,2ahss,1,Indie Shuffle,243,Cause I'm A Man,False
35,35,Black Rebel Motorcycle Club,2666,zjt7,34,Shelter From the Norm,226,Beat The Devil's Tattoo,False
36,36,The Besnard Lakes,604,yqkf,110,scruffy the yak,282,Albatross,False
37,37,RL Grime,3547,25hg1,14,buffaBLOG,237,Core,False
38,38,Gallant,5944,2c3pf,28,Anotherwhiskyformisterbukowski,204,Weight In Gold,True
39,39,Jack Garratt,4317,2c3mc,25,chillsoundsgoodmusic,225,Weathered,True
40,40,Matrimony,2323,29gay,9,Audio Aquarium,260,Giant (Ghosts Remix),False
41,41,Real Estate,1060,21rvk,38,Fuzzy Logic,192,Talking Backwards,True
42,42,Natalie Prass,732,27cmn,24,The Swollen Fox,213,Why Don't You Believe In Me,False
43,43,Father John Misty,1490,27msa,44,2 U I Bestow,262,Bored In The USA,True
44,44,Hibou,2006,2bmqa,22,barrygruff,259,Dissolve,True
45,45,Billy Bragg & Wilco,1093,30xf,27,Across The Kitchen Table,298,California Stars,True
46,46,Blitzen Trapper,2888,k47r,64,scruffy the yak,209,Black River Killer,False
47,47,Damien Jurado,2019,20jv6,38,The Swollen Fox,198,Silver Timothy,False
48,48,Lana Del Rey,4425,2b5c3,3,Oh My Rock,277,Born To Die (Absence Remix),True
49,49,Metric,2324,v55s,9,i (heart) music,187,Don't Think Twice It's Alright (Bob Dylan Cover),True
50,50,Tame Impala,700,2atnn,4,barrygruff,247,Cause I'm a Man,False
51,51,Unknown Mortal Orchestra,518,2aade,8,Cause=Time,192,Multi-Love (20syl Remix),False
52,52,Sinkane,1891,24y1z,31,JayeL Audio Music,197,Hold Tight,False
53,53,Unknown Mortal Orchestra,7944,29adb,84,umstrum||music,251,Multi-Love,False
54,54,Temples,1441,20jvd,49,We All Want Someone To Shout For,222,Mesmerise,False
55,55,Tame Impala,12229,2a1mf,87,The Swollen Fox,469,Let It Happen,False
56,56,Unknown Mortal Orchestra,3887,2avcn,65,Too Many Blogs,257,Can't Keep Checking My Phone,False
57,57,Blue Hawaii,1467,27ams,15,What Else Is There?,264,Get Happy,False
58,58,Cheers Elephant,5361,2bfxf,10,EUPHORIA. Magazine,212,Airliner,True
59,59,Major Lazer,10138,227j1,23,Maddecent,182,Aerosol Can (feat. Pharrell Williams),True
60,60,The Knocks,21782,25xk6,27,SFCritic,249,Classic (feat. Powers),True
61,61,Oliver,8614,26gx7,13,JayeL Audio Music,344,Light Years Away,False
62,62,Chet Faker,2614,2bwyg,22,HEY,206,Bend,False
63,63,Skylar Spence,1316,2bwjt,27,Felinno,246,Can't You See,False
64,64,Toro y Moi,1368,2btxp,8,acid stag,145,room for 1zone,False
65,65,Cayucas,744,2b1kk,27,Indie is not a genre,218,Moony Eyed Walrus,True
66,66,Ducktails,1372,2b5et,30,newmusic.cz,214,Headbanging In The Mirror,True
67,67,Lapalux,3549,29q40,25,music is art,349,Don't Mean A Thing,False
68,68,Vaults,1538,27nrm,12,Little Indie Blogs,204,Poison,False
69,69,Toro Y Moi,1801,28ykp,43,KEXP Blog,222,Empty Nesters,False
70,70,ON AN ON,1463,2bnef,8,The Burning Ear,227,It's Not Over (The Twelves Remix),False
71,71,Lower Dens,1994,1hcvp,132,MUSIC BETWEEN FRIENDS,302,Brains,False
72,72,The Knocks,6766,1t7dh,7,aerial noise,276,The Feeling (Dave Edwards Remix),False
73,73,K-Os,6058,r65a,13,Music For Kids Who Can't Read Good,190,I Wish I Knew Natalie Portman,True
74,74,The Knocks,4731,29s5a,19,JayeL Audio Music,250,Dancing With Myself,False
75,75,The Knocks,3975,2aews,10,JayeL Audio Music,197,Collect My Love feat. Alex Newell,False
76,76,The Knocks,8641,2654z,11,Site of Sound,262,Classic (RAC Mix),True
77,77,Santigold,1242,trz4,5,Et Musique Pour Tous,112,I'm a Lady (Benny Blanco Remix),False
78,78,HONNE,1993,2b5tf,14,Musicgeeks,272,Top To Toe,False
79,79,The Knocks,6380,1696z,20,Berkeley Place,219,Dancing With The DJ (Chiddy Bang Remix),False
80,80,Flume,10604,2bk4b,20,Stereofox,264,Some Minds feat. Andrew Wyatt,False
81,81,Flight Facilities,6137,2bzvm,10,NNM,199,Heart Attack feat. Owl Eyes (Snakehips Remix),False
82,82,Major Lazer,8997,2bzkc,2,Never Radio,194,Too Original (KREAM Remix),False
83,83,Aayushi & Dillistone,5645,2bz99,6,Musicgeeks,237,Diamond Child,False
84,84,POWERS,9067,2ba6t,31,blahblahblahscience,205,Beat Of My Drum,False
85,85,Blackbear,6281,2b9ng,6,Stoney Roads,278,90210 feat. G-Eazy (Matt DiMona Remix),False
86,86,filous,11555,2bd2b,10,My Old Kentucky Blog,198,How Hard I Try feat. James Hersey,False
87,87,L'Orange & Jeremiah Jae,4530,2ax54,9,Lautstark,171,All I Need (feat. Gift Of Gab),False
88,88,kiiara,11727,2bxjv,18,said the gramophone,226,Gold,False
89,89,Soma,291,2c2et,5,Different Kitchen,198,Uncertain,False
90,90,Miguel,15868,228mk,23,Site of Sound,205,Simplethings,True
91,91,Rudimental,14952,21hnn,6,EARMILK,305,Free (Cash Cash X Gazzo Remix),False
92,92,EMBRZ,9428,1y3jj,12,nialler9,284,Slow Down,False
93,93,Wale,5818,t8q4,7,The Music Ninja,211,New Soul Feat. Yael Naim,False
94,94,TEEMID & Daniela Andrade,9479,226ye,8,I Heart Moosiq,263,Crave You (Flight Facilities Cover),True
95,95,•◊ Hopium ◊•,3795,2b5pr,9,Stereofox,218,Right Now,False
96,96,The Chainsmokers,5152,2b9jx,6,EDM Girl,253,Let You Go (Steve James Remix),False
97,97,"Astronauts, etc.",3786,2b54c,22,Indie For Bunnies,230,No Justice,False
98,98,OutKast,5012,2b6yd,3,Your Music Radar,194,Roses (PLS&TY Remix),True
99,99,Janet Jackson,908,2bzsd,10,Secret Delivery,206,No Sleeep,False
100,100,The Drums,396,265r5,2,KEXP Blog,290,I Can't Pretend,False
101,101,American Authors,13832,229ha,8,I Heart Moosiq,292,Best Day Of My Life (Just A Gent Remix),False
102,102,Astrid S,5121,2b9zs,3,JayeL Audio Music,235,2AM (Matoma Remix),False
103,103,BebeRexha,2215,28h1t,4,Electric Panda Music,208,I'm Gonna Show You Crazy,False
104,104,Ishinohana,3162,2aybj,8,Electrocorp ,317,Lucía (John Talabot's Sunset edit),False
105,105,Oh Wonder,3771,2b8z0,10,gottadancedirty,263,Midnight Moon (Melvv Remix),False
106,106,Sia,7158,2bbc8,3,Your Music Radar,216,California Dreamin,True
107,107,TroyBoi,2843,2ba6s,2,Indie Shuffle,201,Do You feat. Armani White (Remix),False
108,108,diplo,8178,2baq6,18,Never Radio,285,Bitch Better Have My Money (Diplo & Grandtheft Remix)OFFICIAL,False
109,109,Tove Lo,6349,2b92r,4,JayeL Audio Music,278,Talking Body (Jax Jones Remix),False
110,110,Gigamesh,5329,2b9xa,9,The Jackplug,291,The Music,False
111,111,Years and Years,5799,2b8xm,28,Getintothis,254,Shine,False
112,112,Lemon.,715,2c063,4,"Quick, Before It Melts.",165,Better For You,False
113,113,Moullinex,796,2c03e,7,Y Este Finde Que,370,Take A Chance (Satin Jackets Remix),False
114,114,Courtney Barnett,493,29w6h,4,said the gramophone,293,Depreston,True
115,115,Tuxedo,415,2c1r6,6,The French Shuffle,238,Without Your Love,False
116,116,Dusky,495,2bznk,6,Mixmag,384,Skin Deep,True
117,117,Mammút,143,229wz,14,MusikBlog,345,Salt,False
118,118,Monster Rally,316,247x6,2,music islands,219,Chin-don-ya,True
119,119,Kelis,792,23px8,10,Indie Shuffle,315,'Runnin' (Machinedrum Remix),False
120,120,Wiz Khalifa Feat. Charlie Puth,5360,2azcr,5,EDM Girl,223,See You Again (Ale Mora Remix),False
121,121,ALESSIA,11457,2b0gs,21,J(am) of the Day,200,HERE,False
122,122,The Roots,4073,1f5yf,37,AudioCred,272,Make My,True
123,123,LIPS,6403,1ffe4,10,EARMILK,244,Everything To Me (Adventure Club Dubstep Remix),True
124,124,In The Valley Below,4128,1rmtg,5,Indie Shuffle,287,Peaches,True
125,125,Ratatat,7808,4t74,43,TheMusic.FM,266,Seventeen Years,True
126,126,poka,1235,1410v,3,Delicieuse Musique,248,99 style,True
127,127,The Knocks,775,skyq,10,Cities of the Plain,279,Can't Shake Your Love,False
128,128,Trampled By Turtles,1476,110ex,15,SUCKA PANTS,205,Wait So Long,True
129,129,Oasis,1763,45qw,17,Popdose,290,Don't Look Back in Anger,True
130,130,French Montana,665,2c10q,5,Discobelle,229,Gucci Mane (feat. Lil Wayne & Rick Ross) (prod. by Kanye West),True
131,131,Harrison Brome,2310,2bq1c,10,Indie Underground,218,Fill Your Brains (Master),False
132,132,Chance The Rapper,1207,296pt,2,Inyourspeakers Media,225,Sunday Candy Feat. The Social Experiment,False
133,133,Iron & Wine and Ben Bridwell,2423,2bzr3,18,Revista Metrónomo,213,This Must Be The Place (Naive Melody),False
134,134,BECOME X Elohim,2052,2c0y2,13,acid stag,160,She Talks Too Much,False
135,135,COMPNY,1565,2bzm1,25,Little Indie Blogs,233,Gently Let You Down,True
136,136,Years & Years,4084,2c221,4,POP ON AND ON,240,King (Lash Remix),False
137,137,Little Giants,4678,2c228,5,Lipstick Disco,320,"Lately (Love, Love, Love) (Monsieur Adi Remix)",False
138,138,Favored Nations,2008,2by5n,6,Wonky Sensitive,211,Always,False
139,139,Fatima,355,24te4,1,Don't Need No Melody,325,Biggest Joke Of All,False
140,140,SZA feat. Chance The Rapper,7013,23c5d,42,The 405,216,Childs Play,False
141,141,Addal feat. Lisa May,3152,2c08j,5,Beautiful Buzzz,325,Morning In Love (Original Mix),False
142,142,Will Joseph Cook,2255,2c0vf,22,Beat2aChord,177,Beach,False
143,143,Shura,966,2bzty,10,DIY,443,White Light (Gabe Gurnsey Factory Floor Remix),False
144,144,Kendrick Lamar,6377,2c2a8,3,Music You Wanna Listen To,204,i (Carneyval & INSTRUM Remix),False
145,145,The Weeknd,2452,2c298,2,Caveman Sound,300,Can't Feel My Face (Keljet Edit),False
146,146,"Kehlani, G-Eazy, IAMSU! and Lil B",2205,2bzxz,6,The Passion of the Weiss,235,Champion (Prod. by P-Lo),True
147,147,Lewis Del Mar,6697,2c0xq,13,Sonofmarketing,249,Loud(y),False
148,148,The Internet Music,3556,2c0ae,17,alltomorrowmusic,416,Girl feat. KAYTRANADA,True
149,149,Saint Motel,2741,2c15e,8,Audio Aquarium,280,My Type (Eau Claire Remix),False
150,150,RÜFÜS / RÜFÜS DU SOL,6536,2c1vt,14,Audio Drums,239,You Were Right,True
151,151,Little Giants,8122,2aynk,10,Abduction Radiation,212,"Lately (Love, Love, Love)",False
152,152,Discovery,3643,sqpk,40,Indieball,193,So Insane,False
153,153,"Drake Feat. Kanye West, Lil Wayne & Eminem",2418,v81m,8,Citizen Insane,359,Forever,True
154,154,Röyksopp,4965,27mzc,10,music is art,396,Thank You,False
155,155,Mitski,138,26mqp,13,Music Broke My Bones,205,Townie,True
156,156,Sea Oleena,997,25z92,32,Just Music That I Like,311,If I'm,False
157,157,Otis Redding,399,26eye,1,Yaqui,232,Sittin On The Dock Of The Bay (TEEMID Edit),True
158,158,Ratatat vs. Marvin Gaye,8067,1agk1,4,EARMILK,206,Ain't No Drugs High Enough The Jane Doze mashup),True
159,159,Daft Punk,1616,smtq,6,earmilk,322,Face to Face (Night Drugs Rework),False
160,160,Kid Cudi,22539,1b9zx,13,Indie Shuffle,164,Falling Star (R3K Remix),True
161,161,Beirut,6201,6fnn,78,Stereofox,257,Postcards From Italy,True
162,162,The Pharcyde,15218,205k2,19,Lautstark,290,Runnin' (Bit Funk Remix),True
163,163,Crooked Colours,2848,204z0,16,music is art,215,Come Down,True
164,164,UGK,2581,11f4z,23,The Music Ninja,257,Int'l Players Anthem (Feat. OutKast),True
165,165,Florence & The Machine,4749,27170,9,EDM Girl,263,You've Got The Love (Prince Fox Remix),False
166,166,Fake Blood,3542,12nm7,19,Penned Madness,319,I Think I Like It (Tommie Sunshine & Figure EC$TACY edit),True
167,167,Skrillex,9475,176za,17,aerial noise,305,Cat Rats,True
168,168,Clean Bandit & Jess Glynne,7273,26xhz,14,JayeL Audio Music,219,Real Love,False
169,169,Jaymes Young,6180,26x11,8,Ladywood ,250,I'll Be Good,False
170,170,Frankie Cosmos,187,22ky1,2,"Song, by Toad",93,My I Love You,False
171,171,HAERTS,2326,26by0,31,Indie Obsessive,258,Giving Up,False
172,172,Run The Jewels,4203,26khp,47,Too Much Love Magazine ,214,Oh My Darling Don't Cry,False
173,173,Bombay Bicycle Club,4826,21kgk,29,SFCritic,191,Luna,False
174,174,Tanya Tagaq,154,24s65,12,Chicago Reader,169,Uja,False
175,175,Steve Gunn,346,25e7m,14,Earbuddy,334,Milly's Garden,False
176,176,Starfoxxx,684,2651y,3,Electric Panda Music,309,Bae HD,False
177,177,Careful,244,1n80b,7,KEXP Blog,178,It's Funny,False
178,178,Aphex Twin,1077,26dqh,42,Wondering Sound,288,minipops 67 (120.2)(source Field Mix),False
179,179,Chester French,1502,td31,11,the burning ear,354,She Loves Everybody (Pance Party Remix),False
180,180,Public Enemy,3782,tjvw,4,The Music Ninja,287,He Got Game,False
181,181,Sean Nicholas Savage,321,22m21,11,Dots & Dashes,226,Naturally,False
182,182,Maiday,5310,285hh,10,The 405,218,Wish You'd Met Me First,False
183,183,Allo Darlin',488,260dr,21,Berkeley Place,172,Romance And Adventure,False
184,184,Baauer,12526,27ehz,28,Pilerats,215,One Touch feat. AlunaGeorge & Rae Sremmurd,False
185,185,Miguel feat. Wale,13442,239bn,8,Guilty Feet Have Got No Rhythm,314,Bennie and the Jets,True
186,186,Cage the Elephant,7853,16hr5,12,Richmond Playlist,212,Shake Me Down,True
187,187,Jay-Z & Beanie Sigel,2592,rhs4,5,djnodj,229,Glock Nines (Ratatat Remix),False
188,188,Whilk and Misky,16120,27qph,12,Inyourspeakers Media,318,Babe I'm Yours,False
189,189,Kanye West vs. Sam Smith,14241,27x6p,11,Wake the Deaf,266,Tell Me I'm The Only One (Carlos Serrano Mix),False
190,190,Electric Wire Hustle,6169,w4d2,26,Beaver on the Beats,269,They Don't Want,True
191,191,The Drums,2535,1e7j4,5,The Digital Outhouse,269,Days,True
192,192,Lupe Fiasco,4997,1993j,10,Fuck yeah! Go team!,221,All Black Everything,True
193,193,Beach House,2734,17a3h,82,Chromewaves,209,I Do Not Care For The Winter Sun,True
194,194,The Flaming Lips,399,emqs,10,JP's Blog,399,Bohemian Rhapsody (Queen Cover),False
195,195,Florence + The Machine,37992,wm2h,154,djnodj,344,You've Got The Love (The XX Remix),True
196,196,Chairlift,8374,kabk,49,The New LoFi,242,Bruises,True
197,197,The Heavy,3832,xbmh,11,"Safety, Fun & Learning",217,How You Like Me Now?,True
198,198,The Flavour,2886,1b0e2,3,Schitz Popinov,176,Sex on Fire ( Reggae Cover ),True
199,199,Foster The People,4356,1agyw,6,the burning ear,218,Pumped Up Kicks (The Knocks Remix),True
200,200,Jaymes Young,2727,26txn,5,Sunset in the Rearview,221,What Should I Do,False
201,201,Cold War Kids,21074,26a2r,21,Never Radio,201,First,False
202,202,Kings of Convenience,5197,tqc7,17,Et Musique Pour Tous,258,I Don't Know What I Can Save You From (Röyksopp Remix),True
203,203,Ludacris vs Ke$ha,1929,112sm,2,20 Watts,204,$hwagger Jagger (Pres Mashup),True
204,204,Joey Bada$$,5729,26vk9,16,Pilerats,237,Get Paid,False
205,205,Mating Ritual,5493,26ngg,19,Audio Drums,188,Toxins,False
206,206,T.I.,4833,26tj0,10,Different Kitchen,206,No Mediocre feat. Iggy Azalea (Grandtheft Remix),False
207,207,TULA home,6573,26vjs,10,grinzao,226,Wicked Game,False
208,208,Lupe Fiasco,2385,zk4s,6,Dipped in Dollars,240,What U Want,True
209,209,Otis Redding,4109,8fyp,15,THE VINYL VILLAIN,162,(Sittin' On) The Dock Of The Bay,True
210,210,Of Montreal,2462,ec8e,21,Music From Go to Whoa,231,Jimmy,False
211,211,Vampire Weekend,12814,q66h,28,Sunset in the Rearview,294,The Kids Don't Stand A Chance,False
212,212,Goldroom,1006,23tcs,3,Poetry in an Empty Coke Can,279,Embrace (backstroke. Remix),False
213,213,TĀLĀ,1564,26t41,40,Stamp The Wax,201,Alchemy,False
214,214,The Knocks,2056,26n5b,5,JayeL Audio Music,297,Classic (DiscoTech Remix) - Big Beat,False
215,215,Kings Of Convenience,2248,63cw,14,Indie Shuffle,235,Know How (featuring Feist),False
216,216,HAERTS,3026,20cjh,25,Cougar Microbes,320,Wings (Shlohmo Remix),False
217,217,Aphex Twin,2012,26qkp,3,said the gramophone,322,Aisatsana,False
218,218,GoldLink,1516,23hn5,7,Silence Nogood,164,Bedtime Story (Prod. Louie Lastic),False
220,220,Justice,927,vc74,8,Vacay Wave,318,We Are Your Friends (Barretso Remix),True
221,221,Thrupence,2026,26w7s,23,Deftune,248,Silk,False
222,222,Yellerkin,2362,26rsp,33,Operation Every Band,261,Tools,False
223,223,FOYNES(nicholas basquiat),2131,26tvt,4,I Heart Moosiq,215,Protect (Feat. Antony & Cleopatera) (Foynes Remix),False
224,224,YOUNG & SICK,2320,26vkp,10,Salacious Sound,282,Breathe (Télépopmusik Cover),False
225,225,kp.,2411,26px0,9,I Heart Moosiq,241,where did you go,False
226,226,ODESZA,8395,26t7k,11,acid stag,198,Say My Name (feat. Zyra) (cln Remix),False
227,227,Dirty South,2328,26tye,7,Dancing Astronaut,274,Unbreakable (Elephante Remix),False
228,228,alt-J,15821,261f8,57,The Devil Has The Best Tuna,216,Every Other Freckle,False
229,229,Felix Jaehn feat. Chris Meid,4900,26tvp,11,JayeL Audio Music,248,One Last Time Remix,False
230,230,Lorde,6155,26wg0,4,Earbuddy,233,Yellow Flicker Beat,False
231,231,RAC,4166,26mpj,9,Chubby Beavers,265,Cheap Sunglasses feat. Matthew Koma (Two Friends Remix),False
232,232,Blur,1988,tet1,4,indie shuffle,319,Song 2 (Vengeance Remix),True
233,233,Flying Lotus,1283,j17x,9,Sunset in the Rearview,186,Robo Tussin feat. Lil Wayne.aif 15.41.55PM,True
234,234,Okkervil River,22,1a8tr,3,Salad Days Music,206,Wake And Be Fine,True
235,235,The Felice Brothers,57,1aajv,11,The Key,305,Ponzi,True
236,236,Violent Femmes,2616,1faj,34,THE VINYL VILLAIN,145,Blister in the Sun,False
237,237,Generationals,6335,sk35,59,Austin Town Hall,200,"When They Fight, They Fight",False
238,238,Phoenix,13698,qp90,139,Ca Va Cool,198,1901,True
239,239,Kid Cudi,15386,vhfh,30,The New LoFi,295,Pursuit of Happiness (Feat. MGMT And Ratatat),True
240,240,TOURIST,15736,22ejp,41,REDEFINE magazine,271,I Can't Keep Up (feat. Will Heard),False
241,241,Porter Robinson,7438,236gd,23,JayeL Audio Music,368,Sea Of Voices (RAC Mix),False
242,242,Lykke Li,13483,2374v,45,Cougar Microbes,221,No Rest For The Wicked,False
243,243,D.veloped,16128,1g7c9,12,djnodj,206,Bring Em Home (Edward Sharpe // T.I.),True
244,244,THE NIGHT VI,3983,236d7,44,DrunkenWerewolf,225,Sienna,False
245,245,London Grammar,4795,23781,34,Twee Huizen Verder,346,Hey Now (Bonobo Remix),False
246,246,Haim,3812,236m2,15,the burning ear,359,If I Could Change Your Mind (The Knocks Remix),False
247,247,SAFIA,9707,236kx,28,Site of Sound,266,"Paranoia, Ghosts & Other Sounds",False
248,248,D.VELOPED,6327,1f3cm,5,Sunset in the Rearview,261,My Dangerously Melodic Anthem,False
249,249,EMBRZ,9753,1z1vr,14,nialler9,322,Make Your Way,False
250,250,Solid Gold,630,mrhv,10,Both Sides of the Mouth,258,Who You Gonna Run To?,True
251,251,Young Jeezy,1649,1fz16,8,AudioCred,312,I Do (Featuring Jay-Z & Andre 3000 ) (No Tags),True
252,252,Phoenix,2097,s486,27,The Indie Music Database,242,Lisztomania,False
253,253,Two Door Cinema Club,1317,r4gh,12,The Pop Cop,167,"Hands Off My Cash, Monty",False
254,254,The Verve Vs. Jay-Z,8575,w7mw,12,A Pocket Full Of Seeds,304,Brush Your Bitter Sweet Shoulders Off,False
255,255,James Bay,16979,23wf2,23,Spectrum Culture,261,Let It Go,False
256,256,Jurassic 5,7392,24jdj,5,Musikfar,229,The Way We Do It,False
257,257,Passion Pit,2316,rtw7,7,melophobe,212,Let Your Love Grow Tall,False
258,258,Röyksopp,3080,pdpr,28,JP's Blog,163,Happy Up Here,False
259,259,Saint Etienne,1617,1kze6,4,Vacay Wave,389,I've Got Your Music (Golden Filter Remix),False
260,260,Thomas Jack,7295,205r0,10,Stoney Roads,539,Symphony (Original Mix),False
261,261,SkizTheRapper,693,1gght,7,The Jackplug,215,Shangri-La,True
262,262,Madeon,3425,1f545,1,blahblahblahscience,104,Icarus,True
263,263,Santogold,3678,j6kn,33,the culture of me,160,I'm A Lady (Diplo Mix Ft Amanda Blank),False
264,264,thvn,1893,234rw,6,Sirens of Decay,230,toxic,False
265,265,Zeds Dead & Omar LinX,2361,1m1bd,9,White Folks Get Crunk,284,NO PRAYERS (KEYS N KRATES RMX),True
266,266,The War On Drugs,12642,20xm4,139,Inyourspeakers Media,299,Red Eyes,False
267,267,Jaymes Young,18783,238f5,21,JayeL Audio Music,214,Habits Of My Heart (Sufjan Stevens Remake),False
268,268,JUNGLE,6508,22m26,70,Abeano Music,180,Busy Earnin',False
269,269,Ben Khan,4085,237kw,55,When The Gramophone Rings,198,Youth,False
270,270,Zella Day,3451,236fk,32,West Coast Fix,222,1965,False
271,271,"Steve Aoki, Diplo & Deorro",4267,236tz,6,Dancing Astronaut,281,Freak (feat. Steve Bays),False
272,272,Eminem,5802,207bj,3,Earbuddy,265,Beautiful Pain feat. Sia,False
273,273,Mapei,25978,1zm6w,50,Faded Glamour,215,Don't Wait,True
274,274,Azealia Banks,14712,1z53b,25,music is art,245,Atm Jam feat. Pharrell (Kaytranada Edition),False
275,275,Yuna,3101,205p1,2,Earbuddy,214,Lights And Camera,False
276,276,Drake,9861,205dd,42,House of Lords,221,Come Thru (James Blake Version),False
277,277,Josef Salvat,6538,204ky,28,josh is listening to,223,Every Night,False
278,278,Common,4950,2055a,19,The 405,230,I Want You (Kaytranada Edition),False
279,279,Edward Sharpe and the Magnetic Zeros,2542,205f7,10,The New LoFi,355,Life Is Hard (Teen Daze Remix),False
280,280,Kids These Days,1804,1ksca,3,Simply 7,221,Darling,False
281,281,Florence and the Machine,1134,1ksjr,1,Free Breaks Blog,307,You Got The Love (The Bॐb Squad Breaks Mix),False
282,282,Ramona Falls,1741,1ksb9,3,The Music Ninja,220,Proof,False
283,283,Deadmau5,6931,1d055,4,Your Music Radar,285,Double Life Of Mau5e (Skrillex Mix),False
284,284,Throttle,1582,1ks3x,4,REMIX86,300,Next Big Thing (Original Mix),False
285,285,The Wanted,1080,1ks63,1,POP ON AND ON,342,Chasing The Sun (Mario Larrea Club Mix),False
286,286,Viceroy & WhiteNoize,2495,1kt18,10,Silence Nogood,332,Only Takes (Original Mix),False
287,287,Lana Del Rey,2117,1kr6z,25,Cougar Microbes,224,Blue Jeans feat. Azealia Banks (Smims&Belle Extended Remix),False
288,288,Joel Zimmerman,2413,1krb0,5,Your Music Radar,431,Closer Rev.2,False
289,289,Two Door Cinema Club,9150,11sem,8,Indie Shuffle,226,"Eat That Up, It's Good For You",True
290,290,LIL KIDS,2409,1m1ve,5,Dingus,196,Nobodies,False
291,291,The Twelves,1345,1m1d0,3,Revista Metrónomo,866,The Twelves | 08.05.2012,False
292,292,Ben Howard,4764,1m1ef,5,Cover Lay Down,273,Call Me Maybe (Carly Rae Jepsen Cover),False
293,293,Kill Paris,4306,1ky0n,8,touchez francais,259,Keep Your Secrets in Midnight City,True
294,294,emma louise,3856,1m13r,12,Let's Not Get Carried Away,274,Boy,False
295,295,Pretty Lights,4443,1m0jt,15,EARMILK,260,You Get High,True
296,296,Ghost Beach,3866,1m0a7,26,KEXP Blog,208,Miracle,False
297,297,Childish Gambino,3195,1kzn8,8,CHROMEMUSIC,141,Fuck Your Blog (feat. Flynt Flossy & Yung Humma),False
298,298,Laidback Luke,3800,1kzfe,4,EARMILK,368,1234 Feat. Chuckie & Martin Solveig (Original Mix),True
299,299,M83,2524,1m0ab,52,Music For Ants,291,Graveyard Girl,False
300,300,Goldroom,12102,1m044,62,Buzzbands.LA,300,Fifteen (ft Chela),False
301,301,The Knocks,5156,1kzak,26,JayeL Audio Music,324,Learn To Fly,False
302,302,Kindness,3797,1k8g5,44,Genre Confused,217,House,False
303,303,Active Child,1932,1kqq6,16,Indiehere,183,Hanging On (GRVRBBRS Remix),False
304,304,No Doubt,599,1ksgh,1,Duurt Lang,264,Don't Speak,False
305,305,Project 46,1172,1ktar,3,aerial noise,316,The Rift (Original Mix),False
306,306,Ewok Fur,594,1ks44,3,guerolitomusic,161,moving to antarctica sounds quite ok,False
307,307,Flux Pavilion,1466,1krp8,7,Salacious Sound,317,Daydreamer feat. Example (Jack Beats Remix),False
308,308,XV,1939,1ks0q,2,Et Musique Pour Tous,290,Pictures On My Wall,False
309,309,Feist,788,1krzh,1,This Is That Song,281,Secret Heart,True
310,310,Summer Heart,1909,1ks5c,1,Hilly Dilly,246,I Wanted You To Stay On the Other (Side),False
311,311,Bob Marley,4190,1ks6g,2,The Music Ninja,306,Sun Is Shining (Smoke Out Dubstep Remix),False
312,312,Hoodie Allen,10875,1kbc4,6,This Bonus Track,201,No Faith In Brooklyn (Feat. Jhameel),False
313,313,Avicii feat. Salem Al Fakir,5845,1kbcn,3,EARMILK,392,Silhouettes (Original Vocal Mix),False
314,314,Amadou & Mariam,3038,1kbzc,6,the steely stylus,312,Je pense a toi,False
315,315,Felix Cartal,11523,1ksas,10,Chubby Beavers,201,Tonight (Original Mix) (feat. Maja Ivarsson from The Sounds),False
316,316,Greg Laswell,2387,1ks5y,1,POP ON AND ON,228,Come Back Down (feat. Sara Bareilles),False
317,317,Foster the People,3212,1kr1b,14,All Things Go,366,Don't Stop (Oliver Remix),False
318,318,Justice,5518,1eahn,34,Stoney Roads,271,Helix,False
319,319,Neon Indian,17050,1ddwn,97,Vocododo,266,Polish Girl,True
320,320,The White Panda,21365,1ebcm,14,Silence Nogood,234,Midnight Life (Kanye West vs. M83),False
321,321,T-Pain,4783,1e8a9,10,One A Day,281,5 O'clock (feat. Wiz Khalifa & Lily Allen),False
322,322,Chromeo,3239,1dfpn,27,Et Musique Pour Tous,231,When the Night Falls (feat. Solange Knowles) (Mayer Hawthorne Cover),True
323,323,Eric Prydz,5897,1erev,5,One A Day,448,2Night (Original Mix),True
324,324,J. Cole,3357,1egj6,9,Avenge the Virgins,190,Nobody's Perfect (feat. Missy Elliott),False
326,326,YONAS,2543,1dw12,1,Sunset in the Rearview,229,I Need A Dollar,False
327,327,Florence + The Machine,7716,1dwev,13,blahblahblahscience,333,What The Water Gave Me,False
328,328,Ke$ha,1213,1gff0,9,Minneapolis Fucking Rocks,293,"Sleazy Remix 2.0 - Get Sleazier (feat. Lil Wayne, Wiz Khalifa, T.I. & André 3000)",True
329,329,Swedish House Mafia,8049,1jphx,4,EARMILK,411,Greyhound (Original Mix),False
330,330,the horrible crowes,1854,1g64b,1,The New LoFi,291,sugar,True
331,331,Wale,4895,1ffz9,5,EARMILK,302,Ambition (feat. Meek Mill & Rick Ross),True
332,332,Charlotte Gainsbourg,1236,1g6nk,5,Faded Glamour,229,Out Of Touch,True
333,333,Arion Dubstep,2112,1g5vx,1,Penned Madness,228,I'm Coming Home ( Diddy feat. Skylar Grey),False
334,334,Mashup-Germany,7740,1g7r0,7,Silence Nogood,245,Top of the Pops 2011 (What The Fuck),False
335,335,Birdy,6775,1fz31,13,The Morning After,309,1901 (Phoenix Cover),False
336,336,Mike Posner,4521,1g53y,8,Pick Up The Headphones,204,Looks Like Sex,False
337,337,Neko Case,11,1bgn6,1,Town Full of Losers,125,Misfire (Queen cover),False
338,338,Ryan Adams,7,1bem2,1,Largehearted Boy,319,Head Over Heels (Tears For Fears),False
339,339,Gym Class Heroes feat. Neon Hitch,4983,1gh6m,3,the burning ear,316,Ass Back Home (Black Cards Remix),False
340,340,The Rapture,3392,1epjs,18,Nashville Nights,388,How Deep Is Your Love (A-Trak Remix),True
341,341,Zeds Dead,20058,1e2kk,32,Muros de Absenta,184,Coffee Break,True
342,342,BASTILLE,15003,1fbqe,13,JayeL Audio Music,188,What Would You Do? (City High Cover),False
343,343,"Avicii,David Guetta,Special Features,Max'C,Pete Sweat",3639,1fg49,2,aerial noise,369,Avicii Ft Guetta - Sunshine Special Features ( Pete Sweat - I Found U In Sunshine ),False
344,344,Overnight Celebrity Thrill,4859,1f4xt,1,AudioCred,241,Wiz Khalifa feat. Twista & Kanye West,False
345,345,Jay-Z & Kanye West,3830,1f4am,10,Cougar Microbes,275,Niggas In Paris (feat. T.I.) (Remix),False
346,346,Volta Bureau,2875,1etbs,8,Dancing Astronaut,300,Alley Cat,True
347,347,Grouplove,9042,1f4xw,12,EARMILK,245,Colours (Xaphoon Jones Remix),False
348,348,Peter and Kerry,2484,1espa,5,New Music Collaborative,220,Knees,True
349,349,Drake & Waka Flocka,1711,1e9hp,14,EARMILK,259,Round of Applause,True
350,350,Howard Iceberg & The Titanics,1,1csa5,1,ninebullets,206,The Wrestler,True
351,351,David Guetta & Afrojack,5873,1dp5k,5,This Bonus Track,317,Lunar (Original Mix),False
352,352,The Devil Whale,40,1bptt,11,Tough Customer // Wire,228,Standing Stones,True
353,353,My Morning Jacket,10,1bx5q,1,Troubled Souls Unite,313,Movin Away (5.31.11),False
354,354,Ryan Adams,6,1bdkk,1,Cover Me,78,Caribbean Queen (Billy Ocean cover),False
355,355,William Elliott Whitmore,5,1berf,1,captain's dead,277,what u do,True
356,356,Caitlin Rose,14,1bxj3,4,Teenage Kicks,208,Faithless Love,False
357,357,Those Darlins,104,1aq2h,9,Rollo & Grady,220,Be Your Bro,True
358,358,William Elliott Whitmore,8,1berb,1,captain's dead,135,oh susanna,False
359,359,William Elliott Whitmore,4,1berc,1,captain's dead,182,diamond in my pocket,False
360,360,Ryan Adams,3,1bdkm,1,Cover Me,198,Brown Sugar (The Rolling Stones cover) (Band version),False
361,361,Joe Pug,4,1bdxz,1,Largehearted Boy,219,Speak Plainly Diana,False
362,362,Tinie Tempah,3335,1bc3v,2,First up!,212,Till I'm Gone (Feat. Wiz Khalifa),True
363,363,Ian McFeron,4,1bbds,1,Richmond Playlist,171,Good Morning (I'm Still Here),True
364,364,Ryan Adams,6,1bdk7,1,Cover Me,639,Dead Flowers (The Rolling Stones cover),False
365,365,William Elliott Whitmore,1,1bera,1,captain's dead,100,run johnny run,False
366,366,SebastiAn,1349,1bdm3,6,FYaCity,175,C.T.F.O. (feat. M.I.A),False
367,367,Santah,55,1awtf,4,Obscure Sound,267,White Noise Bed,False
368,368,Emmylou Harris,11,122mx,3,Cover Lay Down,245,Millworker (James Taylor cover),False
369,369,Townes Van Zandt,19,qdje,3,Carnival Saloon,196,To Live Is To Fly,False
370,370,Ian McFeron,8,1bbdx,1,Richmond Playlist,210,I'll Come Knockin',True
371,371,Keegan DeWitt,269,1b7px,7,The Wounded Jukebox,270,Thunder Clatter,True
372,372,Anthony Da Costa,18,1b93s,1,Cover Lay Down,336,Boots of Spanish Leather (Bob Dylan Cover),True
373,373,Ian McFeron,7,1bbdw,1,Richmond Playlist,210,Comfort In The Bottle,True
374,374,Jason Isbell & The 400 Unit,50,1atc2,4,ninebullets,229,Alabama Pines,True
375,375,O'Death,774,18kgj,43,SUCKA PANTS,135,Bugs,True
376,376,Keegan DeWitt,56,16s1w,3,guerolitomusic,298,Two Hearts (mp3),True
377,377,Ryan Adams,6,1bdk6,1,Cover Me,382,Lovesick Blues (Hank Williams cover),False
378,378,Ryan Adams,3,1bdkc,1,Cover Me,321,Sin City (The Flying Burrito Brothers cover),False
379,379,Southeast Engine,11,1a055,3,Music Savage,307,Adeline of the Applachian Mountains,False
380,380,William Elliott Whitmore,44,1bbvs,7,brooklynvegan,256,Everything Gets Gone,True
381,381,Caitlin Rose,23,19mrn,3,My Old Kentucky Blog,198,Shanghai Cigarettes (LaundroMatinee.com session),True
382,382,The Elected,57,1bbhp,7,Indie For Bunnies,232,Go For The Throat,True
383,383,Richard Buckner,4,1b90q,1,Hyperbolium,138,Traitor,True
384,384,Dawes,165,10hkx,9,The Ruckus,246,When My Time Comes,True
385,385,Band of horses,389,bj2x,12,Draw Us Lines,189,the general specific,True
386,386,The Devil Whale,76,19ad0,10,The Wheel's Still In Spin,224,9 Barracudas,True
387,387,The Moondoggies,20,18d25,7,Austin Town Hall,164,Track 01,True
388,388,William Elliott Whitmore,9,1berk,1,captain's dead,269,shotgun,False
389,389,Jason Isbell,4,1bemj,1,Berkeley Place,382,Hey Pocky Way (The Meters),False
390,390,Virginia Dare,6,1bdww,1,For The Sake Of The Song,225,How Does It Feel,False
391,391,Ryan Adams,3,1bdjx,1,Cover Me,231,Saturday Night Special (Lynyrd Skynyrd cover),False
392,392,Ryan Adams,15,1bdk4,1,Cover Me,194,Dead Leaves and Dirty Ground (The White Stripes cover),False
393,393,Ryan Adams,13,1bdke,1,Cover Me,108,Asleep (The Smiths cover),False
394,394,Okkervil River,87,1adc0,9,Heartache with Hard Work,265,Rider,False
395,395,Ryan Adams,7,1bdkb,1,Cover Me,407,Rocket Man (Elton John cover),False
396,396,Caitlin Rose,10,197sq,2,Largehearted Boy,131,Marie (Randy Newman),False
397,397,Jason Isbell,7,1bemh,1,Berkeley Place,365,Atlantic City (Springsteen),False
398,398,Jon Langford,11,1b7qh,6,Berkeley Place,257,Sentimental Marching Song,False
399,399,The Elected,6,1aavz,1,Everybody Taste,239,Go For The Throat,False
400,400,Peter Case,6,1achw,4,Largehearted Boy,246,Round Trip Stranger Blues,False
401,401,Monsters Of Folk,339,vmm7,13,surviving the golden age,174,Baby Boomer,False
402,402,Ryan Adams,9,1bdjd,3,Largehearted Boy,382,Expressway To Yr Skull %,False
403,403,Ryan Adams,40,tbe2,4,Cover Me,222,Like A Virgin (Madonna Cover),False
404,404,Ryan Adams,17,1bdjm,2,Fuzzy Logic,219,Sweet Home Alabama,False
405,405,Ryan Adams,12,1bdjc,1,Cover Me,123,Last Nite (The Strokes cover) (Solo Version),False
406,406,Ian McFeron,5,1bbdt,1,Richmond Playlist,243,Anna Behind The Veil,False
407,407,Ian McFeron,12,1bbdv,1,Richmond Playlist,316,Summer Nights,False
408,408,Ryan Adams,16,1bdjq,1,Cover Me,401,Helpless (Neil Young cover),False
409,409,Jeffrey Foucault,28,1bd94,4,Slowcoustic,293,Goners Most,False
410,410,Ryan Adams,9,1bdk5,1,Cover Me,441,A Song for You (Gram Parsons cover),False
411,411,Ryan Adams,6,1bdjp,1,Cover Me,402,Stella Blue (The Grateful Dead cover),False
412,412,Ryan Adams,3,1bdjv,1,Cover Me,195,You're Still on My Mind (Luke McDaniel cover),False
413,413,The Elected,141,1aasq,15,The Wheel's Still In Spin,212,Babyface,False
414,414,Ryan Adams,4,1bdjs,1,Cover Me,294,Hickory Wind (The Byrds cover),False
415,415,Ryan Adams,6,1bdjg,1,Cover Me,529,Come Down Easy (Spacemen 3 cover),False
416,416,Elliott BROOD,317,1b4px,17,Chromewaves,303,Northern Air,False
417,417,Richard Buckner,62,1b57r,22,My Aimz is True,313,Traitor,False
418,418,Ryan Adams,12,1bdjz,1,Cover Me,204,I Still Miss Someone (Johnny Cash cover),False
419,419,Ryan Adams,3,1bdka,1,Cover Me,171,Last Nite (The Strokes cover) (Band Version),False
420,420,Okkervil River,84,1bdj5,5,Captain Obvious,231,The Valley,False
421,421,Ryan Adams,13,1bdk2,1,Cover Me,280,Sweetest Decline (Beth Orton cover),False
422,422,Ryan Adams,4,1bdjt,1,Cover Me,245,Bitch (The Rolling Stones cover),False
423,423,The Moondoggies,166,17zay,19,The Music Ninja,349,What Took So Long,False
424,424,Ryan Adams,7,1bdjr,1,Cover Me,363,Wharf Rat (Grateful Dead cover),False
425,425,Ryan Adams,7,a1n6,2,Popdose,154,Two,False
426,426,Ryan Adams,3,1bdk0,1,Cover Me,495,Brown Sugar (The Rolling Stones cover) (Solo version),False
427,427,Ryan Adams,6,1bdjk,1,Cover Me,147,Disco Duck Rap (Rick Dees and His Cast of Idiots cover),False
428,428,My Morning Jacket,29,1bd4p,1,Berkeley Place,365,Careless Whisper (Wham!),False
429,429,Jason Isbell,4,1ba1q,1,Berkeley Place,195,Only Daddy That'll Walk the Line (Waylon Jennings cover) (Mike Dillon on vocals),False
430,430,Alejandro Escovedo,3,1b8v4,1,Largehearted Boy,446,Like A Hurricane,False
431,431,Pusha T,1057,1a63q,3,earmilk,183,Open Your Eyes,False
432,432,My Morning Jacket,3932,1akfa,70,Shelter From the Norm,439,Circuital,False
433,433,Ryan Adams,8,1b8vc,1,Largehearted Boy,119,Nervous Breakdown (Black Flag),False
434,434,Anthony Da Costa,5,1b93v,1,Cover Lay Down,310,I'm Looking Through You (Beatles cover),False
435,435,Okkervil River,423,1a8rj,42,Chromewaves,206,Wake and Be Fine,False
436,436,My Morning Jacket,200,1bbhr,6,Chromewaves,228,1373 Holdin On To Black Metal (Radio Edit),False
437,437,Emalkay,895,1b5pj,2,embee music,291,Fabrication (Extended Mix),False
438,438,Childish Gambino,18970,190q4,30,EARMILK,215,Freaks & Geeks,False
439,439,Austra,12527,18bt7,102,Audio Drums,270,Lose It,False
440,440,Jai Paul,10009,108jg,64,music is art,211,BTSTU,False
442,442,Afrojack,850,1b6qs,1,earmilk,259,Prututa,False
443,443,Alex Winston,1700,18c30,15,EARMILK,220,Locomotive,False
444,444,Benjamin Francis Leftwich,2420,14wvc,19,ShinyShinyNew,197,When You Were Young,False
445,445,Metric,12812,rppc,30,Off the Radar,263,Help I'm Alive (The Twelves Remix),False
446,446,Robyn,6499,19jvd,21,From a High Horse,296,Call Your Girlfriend (Feed Me Remix),False
447,447,Drive-By Truckers,14,vjep,2,Bottom of the Glass,302,Lookout Mountain,True
448,448,Okkervil River,320,19p5w,32,Indie Rock Cafe,216,Wake and Be Fine,True
449,449,Keegan DeWitt,54,13smw,4,guerolitomusic,287,Hearts Beat Loud,True
450,450,My Morning Jacket,98,yj17,4,Football and Music,182,Blue Moon,True
451,451,Jolie Holland,63,1b7zm,14,This Is That Song,197,Gold and Yellow,True
452,452,Friendly Fires,11980,ma8d,124,EARMILK,464,Paris (feat. Au Revoir Simone) (Aeroplane Remix),True
453,453,Calvin Harris,11077,1b5g1,16,JayeL Audio Music,184,Bounce (feat. Kelis),False
454,454,Body Language,4332,19dre,22,Caveman Sound,319,Social Studies (Plastic Plates Remix),False
455,455,Bon Iver,6600,d6gc,51,Shelter From the Norm,401,Re: Stacks,False
456,456,Boy & Bear,4929,w0q8,28,The Dadada Music Blog,187,Mexican Mavis,False
457,457,The Dean's List,8803,1af10,10,Become Your Drum,153,Dear Professor,False
458,458,Jason Isbell,6,1ba1p,1,Berkeley Place,367,Into the Mystic (Van Morrison),True
459,459,Deadmau5,1850,1baxw,1,Vacay Wave,443,Maths,False
460,460,Avicii ft. Salem Al Fakir,7086,1h189,3,Salacious Sound,358,Silhouettes (Original Mix),False
461,461,Martin Solveig feat. Dragonette,17915,158kj,19,Audio Drums,282,Hello (Original Mix),False
462,462,Big Sean,2646,1b93h,5,Avenge the Virgins,217,I Do It,False
463,463,Ellie Goulding,9973,1b9aq,9,aerial noise,269,Heartbeats (Cosmonaut Grechko edit),False
464,464,The Catalina Rhyme Mixers,3722,1b8y2,3,Sunset in the Rearview,223,Nasa Drugs (Kanye West // Wale // Ratatat),False
465,465,Justice,1770,1afzn,3,I Love This Beat,304,Civilization (Neon Stereo Private Bootleg),False
466,466,Foster The People,13146,1ba33,39,Lautstark,241,Call It What You Want,False
467,467,Ellie Goulding,7356,x1v7,13,earmilk,282,Under The Sheets (Baby Monster Remix),False
468,468,e-dubble,3264,1b89w,4,This Bonus Track,320,Changed My Mind,False
469,469,Afrojack & R3hab,2310,1b6d9,2,Sheena Beaston,360,Aces High Prutata (Original Mix),False
470,470,Divide & Kreate,7300,18vtm,6,Oh My Rock,201,Crazy in the deep (Adele vs Gnarles Barkley),False
471,471,Eminem,6641,1b0s0,1,This Bonus Track,217,"A Drop In The Ocean (feat. Kanye West, Wiz Khalifa & Ron Pope)",False
472,472,Al Bizzare,4290,1b24j,1,Vacay Wave,285,Fresh Scream,False
473,473,Ayah Marar,1890,1a9z9,2,earmilk,222,Follow You (YOGI REMIX),False
474,474,Avicii,24371,1b6a2,29,Seattle in High Def,334,Levels (Original Mix),False
475,475,Band Of Horses,14322,19qx6,15,Et Musique Pour Tous,305,The Funeral (Butch Clancy Remix),False
476,476,Afrojack,4449,1b4ry,4,gottadancedirty,324,Pop On Acid,False
477,477,Amadou & Mariam,12320,1789c,31,djnodj,353,Sabali (Miike Snow Remix),False
478,478,Sleigh Bells,10369,124sg,63,EARMILK,230,Rill Rill,False
479,479,Ellie Goulding,22544,1753q,21,Silence Nogood,281,Your Song (Blackmill Dubstep Remix),True
480,480,The Black Keys,22226,10k0q,94,Indie Shuffle,210,Tighten Up,True
481,481,Arcade Fire,10860,13n5s,74,JP's Blog,326,Sprawl II (Mountains Beyond Mountains),False
482,482,Lupe Fiasco,23793,15xt6,28,No Genre,240,The Show Goes On,False
483,483,Bright Eyes,3681,17hp9,64,music is art,236,Shell Games,False
484,484,Caribou,16603,z73x,192,Le Limonadier,315,Odessa,False
485,485,Broken Bells,19010,y7dr,124,Delicieuse Musique,232,The High Road,False
486,486,Skrillex,4557,15wcb,14,I Love This Beat,204,Scary Monsters And Nice Sprites (Noisia Remix),False
487,487,BRITNEY SPEARS,1818,1ahex,2,Nashville Nights,227,Till the World Ends ( Bloody Beetroots Rmx ),False
488,488,California Wives,3084,19k2h,34,The Panic Manual,246,Tokyo,False
489,489,Red Hot Chili Peppers,6520,1aa3b,6,EARMILK,265,Can't Stop (Love & Light Dubstep Remix),False
490,490,Wolfgang Gartner feat. Will.I.Am,3181,1ahcr,6,The Wet Blog,220,Forever (Radio Edit),False
491,491,Avicii vs. Morgan Page and Lissie,9164,18cmr,5,EARMILK,431,The Longest Bromance (Iacabone Edit),False
492,492,Beastie Boys,6692,1aez0,63,The Dadada Music Blog,210,Make Some Noise,False
493,493,James Vincent McMorrow,13239,1ae4f,35,2 U I Bestow,205,We Don't Eat (Adventure Club Dubstep Remix),False
494,494,Of Monsters And Men,26215,179kx,71,Meadow Music,246,Little Talks,True
495,495,Xaphoon Jones,12186,1ab7h,14,Oh My Rock,179,The Jackson Pit,True
496,496,Foster The People,18433,zwnr,77,Golden Bloggen,253,Pumped Up Kicks,False
497,497,Dr. Dre,5569,18jdc,3,Music-mashs Blog,284,I Need a Doctor (feat. Eminem),False
498,498,Afrojack,7499,17pca,3,This Bonus Track,480,Replica (Daft Punk Vs. Yelle Vs. Katy Perry Vs. Bloc Party Vs. Major Lazer),True
499,499,Toro Y Moi,9767,17610,144,frenchysymphony,270,Still Sound,False
500,500,Cults,20102,102c2,224,Music For Ants,202,Go Outside,False
501,501,Wiz Khalifa,880,17pk5,1,the culture of me,221,This Plane (Sound Remedy remix),False
502,502,Hidetake Takayama,993,17pn7,1,Hilly Dilly,340,Sunset Song,True
503,503,Röyksopp,2931,pr7d,35,FYaCity,332,Happy Up Here (Boys Noize Remix),False
504,504,Zeds Dead,7337,12ec5,21,Silence Nogood,271,White Satin,False
505,505,The Tallest Man On Earth,6738,z7wd,117,Star Maker Machine,206,King of Spain,True
506,506,Robyn,12395,11aym,60,Listen Before You Buy,291,Dancing On My Own,False
507,507,Clockwork,1622,10gjx,5,surviving the golden age,241,Office Musik (Dwight K. Schrute vs Weezy F. Baby),False
508,508,Chiddy Bang,3205,155za,2,Silence Nogood,177,The Good Life (Prod. Pharrell Williams),False
509,509,The White Panda,7701,1621k,7,Silence Nogood,172,Escape Day 'N' Nite (Kid Cudi // Tiesto),True
510,510,iSquare,7240,15v9c,10,The World Forgot,324,HEY SEXY LADY (SKRILLEX REMIX),False
511,511,Gorillaz,2077,17nvy,10,earmilk,206,Revolving Doors,False
512,512,Cee-Lo Green,17482,1618f,67,Another Dying Art Form,225,Fuck You,False
513,513,Lady Gaga,2407,11x0p,5,Ants in My Trance,377,Alejandro (Skrillex Club Mix),False
514,514,Skrillex,8822,162dq,15,Friends From Far,297,Kill Everybody (Original Mix),False
1152,82,Class Actress,2641,1e85t,43,Thought on Tracks,242,Weekend,True
1154,84,Camo & Krooked,1964,1espe,3,AudioCred,250,Far Away,True
1159,89,"Nervo (Afrojack, Steve Aoki & Cheyenne Giles Edit)",5336,1dwf0,4,D SQUARED,436,We're All No One,True
1166,96,Klangkarussell,14345,1jgv0,17,The Music Ninja,360,Sonnentanz,True
1172,102,Lupe Fiasco,2521,1g5hj,1,blahblahblahscience,406,"Super Cold (Raak Remix) (Feat. Ab-Liva, Asaad & Gilbere Forte)",True
1175,105,Odjbox,4507,1g60h,1,Music For Morons,190,Birmingham,True
1177,107,Saukrates,1879,1fg3p,2,The Music Ninja,170,Say I,True
1182,112,Hoodie Allen,2948,1d7tj,5,The Jackplug,196,Song For An Actress,True
1191,121,Galapaghost,3645,16nnm,16,the steely stylus,187,Never Heard Nothin',True
1209,139,Hoodie Allen,3648,18a02,7,The Smoking Section,197,Dreams Up,True
1210,140,Mark Ronson And The Business Intl,1869,15562,8,AWmusic,265,The Bike Song (feat. Kyle Falconer & Spank Rock),True
1219,149,Jason Isbell,4,1ba1n,1,Berkeley Place,288,Psycho Killer (Talking Heads),True
1230,160,A-Trak,540,12138,1,First up!,220,O Let's Overdo It,True
1231,161,David Dallas,2262,11whf,7,JayeL Audio Music,202,Til Tomorrow,True
1232,162,Outkast,662,120m5,2,One A Day,359,Spottieottiedopaliscious,True
1233,163,Shwayze,2240,121jz,2,Discobelle,237,Buzzin' (DJ Skeet Skeet & Cory Nitta Remix),True
1234,164,Kings of Convenience,3304,tgsm,20,Delicieuse Musique,221,Boat Behind,True
1235,165,Eminem,7295,12gk7,7,AWmusic,264,Love the Way You Lie (Feat. Rihanna),True
1236,166,The White Panda,5657,12bjt,10,Seattle in High Def,170,The Next Starf*cker (Snoop & Dre meet Starfucker),True
1237,167,Cee Lo Green,2472,12ewk,4,the burning ear,239,What Part Of Forever,True
1238,168,Andre 3000 (Feat. Norah Jones),1510,121k0,1,Avenge the Virgins,157,Take off your cool,True
1239,169,CocoRosie,420,hv6n,2,The New Montreal,181,Sunshine,True
1245,175,Wait What,1247,14d3j,2,Sunset in the Rearview,211,i gotcha right moves (lupe fiasco vs. onerepublic),True
1248,178,Wait What,2698,14fp8,3,the burning ear,274,got urself an electric gun (nas vs mgmt & justice),True
1249,179,The Jimi Hendrix Experience,802,11ngk,2,indie shuffle,408,Like A Rolling Stone (Bob Dylan Cover),True
1250,180,Deadmau5,11137,11p39,13,Intentional Independent Inspiration,447,Some Chords (Original Mix),True
1252,182,WTF?! & dead prez,696,140t3,2,earmilk,336,It's Bigger Than Hip Hop (Sidney Samson Remix),True
1253,183,Cassius,721,143rp,1,Why FuKK When You Can Dance,142, I 3 U So,True
1254,184,Professor Green,1452,13ymc,2,Kick Kick Snare,288,Just Be Good To Green (Joker Vocal Remix),True
1255,185,Tim Gunter,3441,14146,1,musical pairings @ eating/sf,265,"Ghosts 'N Money feat. Deadmau5, Drake, Birdman and Lil Wayne",True
1258,188,Gangstarr,2665,12mkz,1,Silence Nogood,178,Work,True
1259,189,Phoenix,3294,v1wz,4,indie shuffle,174,1901 (acoustic),True
1260,190,Drake & Coldplay,3334,12gbs,2,Cause=Time,391,"Forever La Vida (feat. Lil Wayne, Kanye West & Eminem)",True
1261,191,Oasis,4847,12kz0,8,Pigeons and Planes,248,Wonderwall (Questions Version),True
1262,192,The Hood Internet,8533,10g9w,9,Hear No Evil,211,Nuthin' But A Journal Thang (Dr. Dre vs Class Actress),True
1263,193,Atmosphere,12590,an3p,18,No Country For New Nashville,217,Sunshine,True
1264,194,Lily Allen,1201,11nf2,1,Town Full of Losers,150,Everybody's Changing,True
1266,196,The White Panda,4778,11px3,10,Silence Nogood,238,Drake & Diane (Drake // John Mellencamp),True
1268,198,B.o.B + Asher Roth,3688,11zec,4,Hot Biscuits,308,Fuck The Money,True
1269,199,Blur,551,b1wn,3,Scottish Friction,318,Coffee & TV,True
1270,200,Miike Snow,10398,shb9,13,This Bonus Track,250,Song for No One,True
1271,201,Hey Champ,6200,kq1z,51,We Are Noise,263,Cold Dust Girl,True
1272,202,Hathbanger,3287,zezy,7,on THE spur of the moment,195,Party and Bullshit In the U.S.A. (Miley vs. Notorious B.I.G.),True
1273,203,Aloe Blacc,18548,zrgm,78,The 'Spill,245,I Need a Dollar,True
1274,204,Chiddy Bang,8022,112cr,10,Sunset in the Rearview,187,Hey London,True
1275,205,KiD CuDi,20064,j3n8,16,The New LoFi,219,The Prayer,True
1278,208,Two Door Cinema Club,22211,10spe,87,All Things Go,249,Something Good Can Work (The Twelves Remix),True
1279,209,Sublime,338,10rst,1,Hear No Evil,212,Scarlet Begonias,True
1280,210,Walter Murphy & The Big Apple Band,4916,kkj9,14,Schitz Popinov,225,A Fifth of Beethoven (Soulwax Remix),True
1281,211,Theophilus London vs. Vampire Weekend,1575,12hca,9,CHROMEMUSIC,151,Give It Up Dad,True
1282,212,shwayze,1373,11mk1,1,Stoney Roads,247,04 GET U HOME - (Bloody Beetroots Italo Disco Rmx),True
1283,213,Phoenix,8656,rm01,10,Kick Kick Snare,258,1901 (Customised by DLID),True
1284,214,Jay-Z vs. The Dap Kings,2182,14c8p,11,Kick Kick Snare,238,99 Problems (Prince Ballard Royal Edit),True
1286,216,White Rabbits,3086,r37c,68,Chromewaves,189,Percussion Gun,True
1288,218,Camron,1403,11gk0,2,One A Day,243,Spend The Night,True
1289,219,Bone Thugs-n-Harmony,279,10nwd,2,melophobe,257,D.O.A. (Jay Z Cover),True
1290,220,wait what,1637,10s0e,3,Sunset in the Rearview,258,mo stars mo problems [the notorious b.i.g. vs. the xx],True
1291,221,MGMT,614,11mhk,1,earmilk,329,Kids (DJ STHLM Remix),True
1292,222,Gang Starr,1433,11f9p,3,A Grumpy Old Man With A Beard,225,Above The Clouds,True
1293,223,DeVotchKa,4533,98wz,30,The Ruckus,420,How It Ends,True
1294,224,Lupe Fiasco,1550,11fnw,1,Pigeons and Planes,260,Love Letter To The Beat,True
1296,226,The Temper Trap,16403,11akb,30,J(am) of the Day,391,Sweet Disposition (RAC Mix),True
1297,227,B.o.B,5398,11egv,7,Mixtape Maestro,219,Not Lost feat. T.I.,True
1298,228,Justin Bieber x MSTRKRFT,5195,11626,12,Music That We Like,218,Heartbreaker Baby (CJ Milli Mix),True
1299,229,Crystal Castles,5036,11nnh,31,ACE,270,Vietnam (lightsoverla remix),True
1300,230,Coconut Records,6419,91z5,41,Side One Track One,208,West Coast,True
1301,231,Katy Perry,8504,kgqy,28,Minneapolis Fucking Rocks,207,Electric Feel (MGMT COVER),True
1302,232,wait what,1972,10npy,8,Indie Shuffle,236,juicy-r [the notorious b.i.g. vs. the xx],True
1303,233,Mumford And Sons,15078,w6fn,26,Indieball,261,Little Lion Man,True
1304,234,wait what,488,10s0d,2,THE RATCATCHERS,272,it's all about the crystalizabeths [the notorious b.i.g. vs. the xx],True
1305,235,Jay-Z vs Black Kids,3577,10s43,3,say it like slam,192,Not Gunna Encore (Ha! Yes Mash-Up),True
1306,236,Victor Menegaux,2086,n8r6,2,Rollo & Grady,195,Going Back To Dani (Notorious B.I.G. vs. Red Hot Chili Peppers),True
1307,237,Wait What,4199,10s72,6,La detente generale,183,Islands Is The Limit (The Notorious B.I.G. vs. the xx),True
1308,238,The Velvet Underground,1265,ywmy,2,songs that are good,450,Oh! Sweet Nuthin',True
1309,239,Brand-x,2661,12gsj,5,Vacay Wave,209,Chillin on the Plane L (M.I.A. x Wale x Lady Gaga),True
1310,240,Phoenix,13182,4jcp,29,One A Day,267,If I Ever Feel Better,True
1311,241,Vampire Weekend,1219,zh5d,20,indie rocker revolution,145,Ruby Soho (Rancid Cover),True
1312,242,The Hood Internet,7087,zfa7,15,earmilk,185,Ignition (Keep It Remixing Louder) (R. Kelly vs Major Lazer),True
1313,243,The Hood Internet,6215,rmg6,11,JayeL Audio Music,169,Comfortable Up Here (Lil Wayne vs Röyksopp),True
1316,246,The White Panda,13081,zx98,10,Silence Nogood,200,Shooting Superstars (Eminem vs Bag Raiders),True
1317,247,Rusko Vs Ludacris,1112,zwcs,5,POSTMUSIC,214,I Can Go Thug (Twerkshop Mashup),True
1318,248,The Hood Internet,568,t7gk,4,The Music Ninja,238,Make The Loop Say Aye (OJ Da Juiceman vs Discovery),True
1319,249,YACHT,4072,saem,58,The Panic Manual,309,Psychic City (Voodoo City),True
1320,250,Edward Sharpe & The Magnetic Zeros,26108,tedp,120,The 'Spill,304,Home,True
1321,251,Danger Mouse & Sparklehorse,4679,rxp3,33,Indie Rock Cafe,273,Little Girl (w/ Julian Casablancas),True
1322,252,Matt & Kim,9250,vchz,15,Cougar Microbes,275,Daylight (Troublemaker Remix feat. De La Soul),True
1323,253,Clockwork,4655,10dfz,2,The Music Ninja,243,Office Musik (Dwight K. Shrute Vs. Weezy F. Baby),True
1324,254,The White Panda,9367,10e1a,15,Salacious Sound,201,Tipsy In The Sun (Weezer // J-Kwon),True
1325,255,The Beach Boys,7708,v1rq,12,My Universal Language,219,Wouldn't It Be Nice (The Girls Can Hear Us Remix),True
1326,256,The White Panda,1596,1088r,10,FYaCity,185,"Ready For My Neck, My Back (Hot Chip // Khia)",True
1327,257,Jonsi,2070,1077k,15,The Wounded Jukebox,255,Tornado,True
1328,258,The xx,620,w2xz,4,Streetkiss music,258,Teardrops,True
1329,259,Focus,569,xprk,6,The 'Spill,403,Hocus Pocus,True
1330,260,RADIO KROME,433,tbhd,2,Subservient Experiment,187,Amanda Blank - Might Like You Better (RADIO KROME Remix),True
1331,261,Miike Snow,9207,shb4,31,Side One Track One,386,Silvia,True
1332,262,Kidz in the Hall,969,108mg,4,blahblahblahscience,278,Take Over the World (Feat. Colin Munroe) (Prod. Just Blaze),True
1333,263,KiD CuDi Ft. Snoop Dogg,3125,107z7,1,First up!,271,I Do My Thing (prod. by Dr. Dre),True
1334,264,Biggie vs Tupac vs The xx,11268,v9et,13,Cause=Time,149,Runnin With The xx (Quix vs Elliot Blend),True
1335,265,K-Os,2940,5f4j,10,Auditor Records,230,Sunday Morning,True
1336,266,Birdman,945,107nt,1,earmilk,187,Loyalty f. Lil Wayne & Tyga,True
1337,267,Two Door Cinema Club,24066,107fw,32,Simply 7,191,What You Know,True
1338,268,Drake,4210,105xk,20,surviving the golden age,236,Over,True
1339,269,Yeah Yeah Yeahs,5213,107a4,6,Raised on Indie,180,Maps [TGIK Remix],True
1341,271,Angus & Julia Stone,1420,106x7,3,Streetkiss music,296,Silver Coin,True
1342,272,The Hood Internet,5427,sxxg,13,Cougar Microbes,207,Billie Wildcat Jean (Michael Jackson vs Ratatat),True
1343,273,The Hood Internet,10148,zbjg,11,Penned Madness,193,The XX Gon' Give It To Ya (DMX vs The XX),True
1344,274,Dan Black Feat. Kid CuDi,12197,yzsk,41,My Universal Language,223,Symphonies (Remix),True
1345,275,David Guetta ft. KiD CuDi,1746,yzkj,2,TAjT,303,Memories (Leo Lotsaless Remix Big Room Build),True
1346,276,Metric,2139,v4hg,4,The Digital Outhouse,184,"Don't Think Twice, It's Alright",True
1347,277,Fever Ray,10236,wr53,38,Namunël,288,Seven (The Twelves Remix),True
1348,278,Mumford & Sons,9227,n6m3,52,The Blue Walrus,247,Little Lion Man,True
1349,279,Passion Pit,1758,z40m,3,CHROMEMUSIC,143,Sleepyhead (Acoustic Piano Version),True
1350,280,RJD2,1175,wtrc,4,Rollo & Grady,208,All For U,True
1352,282,,1163,wtrs,2,The Music Ninja,202,99problems vs. phantom II,True
1353,283,Wale,5893,wtk5,9,Et Musique Pour Tous,202,90210 (prod. by Mark Ronson),True
1354,284,Chiddy Bang,6713,sgnw,18,Listen Before You Buy,171,Truth (feat. Passion Pit),True
1355,285,Don Diablo vs Phoenix vs Jay Z,3371,w912,19,Electronix,205,99 Fences,True
1356,286,The Scare,465,wr2a,7,Winnie Cooper,465,Could Be Bad  (G.L.O.V.E.S Remix),True
1357,287,Wale,388,wtpm,1,Hilly Dilly,208,Prescription,True
1358,288,Justice vs Wu Tang Clan,2260,wc2b,8,earmilk,211,Cream Your Friends (Starters Remix),True
1359,289,Xaphoon Jones,11181,wbg3,12,EARMILK,200,"Testify (Radiohead, Kanye West)",True
1360,290,M. Ward,231,q3ke,4,Loft And Lost,255,Hi-Fi,True
1361,291,Andrew Bird,298,pe12,7,עונג שבת,337,"Not A Robot, But A Ghost",True
1362,292,Yeah Yeah Yeahs,5762,xqjv,7,The Music Ninja,230,Maps (Acoustic/Strings Version),True
1364,294,The White Panda,1671,xp2g,2,Muzjiks,226,Stuntin' Like My Energy (Lil Wayne vs Keri Hilson),True
1365,295,KiD CuDi,22278,y0rf,24,"The Good, The Bad, and The Unknown",146,Cudderisback (Feat. Vampire Weekend),True
1367,297,DJ Mehdi,685,8smr,4,The Wet Blog,371,Signatune (Spiller Remix),True
1368,298,Lady Gaga,1151,x9q8,6,The World Forgot,364,Paparazzi (Redlight Remix),True
1369,299,DJ Gizmo,168,w2er,1,The Animal Show,237,Keep On Till You Get Enough (Steve Miller Band vs. Michael Jackson),True
1370,300,Arcade Fire,4772,8anb,71,Minored In Music,337,Wake Up,True
1371,301,Phoenix,564,c520,4,AWmusic,221,One Time Too Many,True
1372,302,Los Campesinos!,1022,e1e5,20,Gigantic,406,You! Me! Dancing!,True
1373,303,Phoenix,1176,xfvr,4,EARMILK,247,1901 (Neon Steve Remix),True
1374,304,Modest Mouse,7078,6ts0,30,The Music Ninja,208,Float On,True
1375,305,Daft Punk,777,xfwv,1,ilictronix,344,Around the World (Sebastian Leger's Not To Be Released Remix),True
1376,306,The Whitest Boy Alive,5818,p8k5,22,SLOANE RANGER,212,1517,True
1377,307,Kanye West,25140,1cxw,23,Silence Nogood,315,Get Em High (Ratatat Remix),True
1378,308,RJD2,940,t7ng,4,The MusicFile,297,Good Times Roll Pt 2,True
1379,309,Birdman ft. Drake & Bun B,542,x834,1,First up!,252,Mo Milly (Feat. Drake And Bun B),True
1380,310,Anya Marina,10389,x3p9,14,New Music Collaborative,229,Whatever You Like (T.I. Cover),True
1381,311,Aesop Rock,3016,6k70,10,katarokkar,266,Daylight,True
1382,312,Jay-Z/Danger Mouse,1500,s2er,6,Silence Nogood,267,What More Can I Say,True
1383,313,dfp,720,1b63h,2,La detente generale,373,I want you Black-Dimitri From Paris super heavy funk brakes remix,True
1384,314,Rhymefest,1266,45vm,3,Some Songs Considered,227,Build Me Up (Feat. O.D.B.),True
1385,315,Uffie,1281,w5r0,6,First up!,159,Pop the Glock (Mirwais Pop Remix),True
1386,316,Casiotone For The Painfully Alone,470,qymc,4,Monstrous Media!,210,Hot Boyz (W/ Dear Nora),True
1387,317,Miike Snow,12103,qc6a,79,8106,264,Animal,True
1388,318,Vampire Weekend,5854,w7d5,79,Chromewaves,208,Horchata,True
1390,320,Noah And The Whale,1828,mxq0,2,the OCMD,215,5 Years Time,True
1391,321,Vampire Weekend,3363,kjm4,27,We All Want Someone To Shout For,243,Ottoman,True
1392,322,KiD CuDi,1732,veq4,2,Tympanogram,236,"G.O.O.D. Music, Soundtrack 2 My Life",True
1393,323,KiD CuDi ft. Ratatat,49,vkef,1,First up!,225,Pursuit of Happiness (Live Late Show with David Letterman 11th of September 2009),True
1394,324,KiD CuDi,4511,vfb3,6,Indie Shuffle,227,"Up, Up, And Away (The Wake And Bake Song)",True
1395,325,Justice,445,vm3w,2,tashed,362,Phantom Pt.2 (Freemasons Remix),True
1396,326,La Roux,11606,yrgg,61,THE VINYL VILLAIN,303,In For The Kill (Skream's Let's Get Ravey Remix),True
1397,327,Miike Snow,5274,t5nj,7,ilictronix,316,In Search Of,True
1398,328,Kanye West,1589,vbyy,5,EARMILK,318,Flashing Lights (High Contrast Remix),True
1399,329,Fly Gypsy,483,vbpt,2,surviving the golden age,289,Reasons (feat. Kanye West),True
1400,330,Phoenix,2705,w1fs,9,Tunes I Dig,181,Everything Is Everything,True
1402,332,Kinetic Stereokids,354,tn1m,4,Obscure Sound,277,Twisted Thoughts,True
1403,333,Chromeo,1331,c53c,21,Trashbag Kids,269,Bonafied Lovin (YUKSEK remix),True
1404,334,The Hood Internet,6072,r3xt,23,popgoestheradio,198,Good Ol' Fashion Rump Shaker (Beastie Boys vs Matt & Kim),True
1405,335,DJTOPCAT,706,w0s9,3,Tastes Like Caramel,230,Paper heartbeats-88bpm (master),True
1406,336,The Hood Internet,19650,rhqc,30,The Dadada Music Blog,215,Two Weeks Of Hip Hop (Dead Prez vs Grizzly Bear),True
1407,337,Phoenix,5173,qmdh,22,Friends From Far,459,Love Like a Sunset,True
1408,338,Miike Snow,4023,vz6m,19,Plain Or Pan?,221,Black & Blue,True
1409,339,Discovery,5957,smgf,15,The Panic Manual,158,Swing Tree,True
1410,340,Passion Pit,1800,v678,12,EARMILK,368,To Kingdom Come (Grum Vocal Mix),True
1411,341,Peter Bjorn And John,6720,3m88,83,Indie Shuffle,276,Young Folks,True
1412,342,The Bloody Beetroots,803,w0s1,1,KEEPREAL,261,Warping  is Awesome (TOMY's edit),True
1413,343,John Mayer,2003,w0v7,6,Audio Muffin,180,Who Says,True
1414,344,Ishivu,533,w0mw,3,amix music,267,New Clear Head,True
1415,345,Jay-Z and Marvin Gaye,9421,vxyr,6,earmilk,260,Hello Brooklyn,True
1416,346,"Mos Def, Jim Jones & Black Keys",331,vm5p,2,earmilk,202,Hoochie Coo,True
1417,347,DJDT,479,r80g,2,FMLY,208,Killers Remix Dude!,True
1419,349,Xaphoon Jones,6605,vf8f,5,Songs to Save,293,"I Wanna Know Now (Bob Marley, MGMT)",True
1420,350,Kid Cudi,5335,vq91,15,Sunset in the Rearview,267,Make Her Say (Sammy Bananas Remix),True
1422,352,Jay-Z,402,vaqp,2,earmilk,151,Hate f. Kanye West,True
1423,353,Johnny Cash,546,9rbd,6,THE VINYL VILLAIN,233,One,True
1425,355,Band Of Horses,8287,bfyh,51,Chromewaves,217,No One's Gonna Love You,True
1426,356,Ratatat,1411,gq27,38,JP's Blog,258,Shiller,True
1427,357,Obadiah Parker,1228,qbbg,9,CHROMEMUSIC,268,Hey Ya,True
1428,358,Jay-Z,1409,vb36,1,earmilk,270,Already Home (feat. Kid Cudi),True
1429,359,Chiddy Bang,15647,r6j7,49,SUCKA PANTS,193,Kids (Feat. MGMT),True
1430,360,MGMT,423,trt6,1,Rollo & Grady,252,Hot Love Drama,True
1433,363,Ratatat,750,p8gq,6,The ill-ec-tro-nic,597,Mirando (Animal Collective remix),True
1434,364,Eminem,1947,q92d,9,Squeegie,278,Crack A Bottle (DiscoTech Remix),True
1435,365,The Bloody Beetroots,3782,t624,21,redthreat,153,4.AWESOME FEAT THE COOL KIDS,True
1439,369,Ellie Goulding,16554,wqxb,32,The Music Ninja,199,Sleepyhead (feat. Starsmith) (Passion Pit Cover),True
1440,370,The xx,3930,v434,24,Off the Radar,261,Shelter (Them Jeans Drum Edit),True
1441,371,The Phenomenal Handclap Band,1018,ry1x,19,Tympanogram,254,Baby,True
1442,372,The Spinto Band,975,2ywv,23,The Opening Acts,215,Oh Mandy,True
1443,373,Super Mash Bros.,2635,qsy1,4,Mashup of the Week Podcast,117,I Fucking Bleed Purple And Gold,True
1444,374,Miike Snow,523,v4va,2,the burning ear,525,Animal (Fred Falke Remix),True
1445,375,Fever Ray,1118,p6r0,24,The 405,505,If I Had A Heart (Fuck Buttons Remix),True
1447,377,The Rolling Stones,950,9726,6,You Hear That?!?,284,Gimme Shelter,True
1448,378,Pony Pony Run Run,1280,rbgk,11,Faronheit,193,Hey You,True
1449,379,Deadmau5 & Kaskade,7979,rh43,18,ilictronix,335,I Remember (Radio Edit),True
1450,380,Sufjan Stevens,4092,34d8,63,T S U R U R A D I O,363,Chicago,True
1451,381,We Were Promised Jetpacks,2777,rram,31,The New LoFi,289,It's Thunder And It's Lightning,True
1452,382,Pnau,12760,hcr9,42,Sunset in the Rearview,236,Baby (Breakbot Remix),True
1453,383,Drake,7508,1a4xq,21,Totally Twitterpated,229,Little Bit (feat. Lykke Li),True
1454,384,Diplo,872,ty42,2,djnodj,368,Young Folks (Diplo Youngest Folks Remix),True
1455,385,Acid Girls,432,ty1e,2,the burning ear,219,Wake Up (feat. Frankmusik),True
1456,386,Badly Drawn Boy,492,5q52,15,Music For Kids Who Can't Read Good,224,Once Around The Block,True
1457,387,Belle & Sebastian,387,tzvn,4,Indie Rock Cafe,208,There's Too Much Love,True
1458,388,Kings Of Convenience,558,tw2n,3,The Digital Outhouse,277,I Don't Know What I Can Save You From,True
1459,389,Julian Plenti,156,tvpf,3,The Pigeon Post,227,Only If You Run,True
1460,390,Arcade Fire,748,rb48,5,It All Started With Carbon Monoxide,99,Wake Up (alternate version),True
1461,391,The Supremes,282,tw6k,2,FMLY,177,where did our love go? (quarterbar redo),True
1463,393,Deadmau5 vs 2livecrew,397,tg8y,3,Schitz Popinov,315,Moar Face (O-GOD edit),True
1464,394,Boys Noize,3664,scx3,20,Salacious Sound,255,Jeffer,True
1465,395,M83,3466,1cjz9,22,Indie Shuffle,303,We Own The Sky,True
1466,396,Kings Of Convenience,1197,tefc,13,Pigeons and Planes,176,Mrs. Cold,True
1467,397,Atlas Sound,654,texx,17,djnodj,239,Walkabout,True
1468,398,Lou Reed,3360,5fwm,17,J(am) of the Day,253,Walk On The Wild Side,True
1469,399,Matt & Kim,12768,mqap,84,Noonday Tune,171,Daylight,True
1472,402,Michael Jackson & Cookin' Soul,598,symq,1,Kickin' The Peanuts,182,I Want You Back feat. Lil Wayne,True
1474,404,Passion Pit,8617,rkfh,66,Indie Shuffle,239,Little Secrets,True
1475,405,Delorean,2234,ssda,32,All Things Go,279,Deli,True
1476,406,Vampire Weekend,9115,mtkg,49,Dancing Astronaut,278,The Kids Don't Stand A Chance (Chromeo Remix),True
1477,407,3oh!3 feat. KiD CuDi (Benny Blanco),849,t6xv,1,White Folks Get Crunk,197,Don't Trust Me (Remix) (Dirty),True
1478,408,MSTRKRFT,12390,syn4,10,Indie Shuffle,194,Heartbreaker (feat. John Legend),True
1479,409,Kid Cudi vs. The Postal Service,3864,10tpe,2,Muzjiks,275,Man On the Moon (Such Great Heights RMX),True
1480,410,French Horn Rebellion,1258,sh97,10,POSTMUSIC,286,Beaches and Friends (Hey Champ Remix),True
1482,412,Mylo,1399,gzpz,7,amix music,424,Paris Four Hundred (Etienne De Crécy Remix),True
1483,413,Kid Cudi,4890,qe9q,19,Hejven,281,Dat New New (VIKING Remix),True
1484,414,The Heavy,597,t7pw,7,omgdelicious!,184,Sixteen,True
1485,415,The Drums,8096,stqx,123,Austin Town Hall,176,Let's Go Surfing,True
1486,416,Yael Naim,3686,c26m,16,Bridging The Verse,225,New soul,True
1487,417,Discovery,5109,rknb,40,music islands,242,Osaka Loop Line,True
1488,418,Regina Spektor,115,t9ws,1,WeHeartMusic,214,Blue Lips,True
1491,421,MGMT,251,tb9n,1,The 405,225,Destrokk,True
1492,422,N.A.S.A.,6057,14zc9,19,Audio Muffin,219,"Gifted feat. Kanye West, Santogold & Lykke Li",True
1493,423,Passion Pit,4869,qxfq,62,The New LoFi,288,The Reeling,True
1494,424,Alex Metric,307,t9ww,5,funkism,282,Shirley You Can't Be Serious,True
1495,425,Kings Of Leon,3360,jgex,45,indie rocker revolution,204,Sex On Fire,True
1496,426,Madvillain,1701,t9w2,14,Indie Shuffle,166,Money Folder (Four Tet Remix),True
1497,427,MSTRKRFT feat. John Legend,11593,t97p,4,All Things Go,390,Heartbreaker (Wolfgang Gartner remix),True
1498,428,Dan The Automator,525,t6f6,6,Sundtrak,311,Rapper's Delight (Van She Tech remix),True
1499,429,Fleet Foxes,218,mswq,4,Misspeak Music,275,Mykonos,True
1500,430,Michael Jackson,424,t6pv,1,Berkeley Place,241,Justice For Billie Jean (justice vs. michael jackson) DJ Schmolli,True
1501,431,La Roux,357,t6a3,10,D SQUARED,333,Bulletproof (Larry Tee & Alexander Technique Blogula Remix),True
1502,432,CJ Milli,88,ssqz,1,the burning ear,252,The People's Homecoming (Kanye,True
1503,433,Super Mash Bros.,4681,syn9,1,FMLY,192,Livin The Dream (I'm On A Float),True
1505,435,Matt & Kim,757,ssy8,2,musical pairings @ eating/sf,227,Yeah Yeah (Flosstradamus Remix),True
1506,436,Lights On,480,kt7a,6,5 Acts,261,John And Anne,True
1507,437,White Lies,1717,jtsc,33,Indie Today,287,Death (Crystal Castles Remix),True
1509,439,Wale,441,ssza,2,Berkeley Place,309,15 Rather Be With You (Vagina Is For Lovers) f. J Cole & Currensy (prod 9th Wonder),True
1510,440,Metric,16196,1bp6,61,earmilk,320,Monster Hospital (MSTRKRFT Remix),True
1511,441,Noisettes,3619,vdqj,15,Across The Kitchen Table,192,Never Forget You,True
1512,442,Lupe Fiasco Feat. Matthew Santos,1291,sq55,1,Pigeons and Planes,275,Shining Down,True
1513,443,Ra Ra Riot,2252,pg78,16,Berkeley Place,335,Ghost Under Rocks (Passion Pit Mix),True
1514,444,Holy Fuck,1059,b6t2,45,djnodj,269,Lovely Allen,True
1516,446,Tatsu,106,spj8,1,We can be honest,147,Our House (prod HERBIE WEST),True
1517,447,Phoenix,235,sphq,3,Harder Blogger Faster,210,Lisztomania (Star Guitar Remix),True
1518,448,Florence + The Machine,10650,t5hf,27,Friends From Far,256,Cosmic Love,True
1519,449,"Alphabeat, FrankMusik and Leon Jean-Marie",3379,hptp,20,Friends by Far,185,Digital Love,True
1520,450,Sharam ft. KiD CuDi,216,srm4,5,Welikeit.indie,496,She Came Along (Reup Club),True
1522,452,Lemon Jelly,169,sqjv,1,Blog Rockin' Peet,439,His Majesty King Raam,True
1523,453,Royksopp,505,ptrz,11,Mp3 Medication,328,Happy Up Here (Datassette Remix),True
1525,455,Phoenix,5513,rp9h,51,deepbeep,305,Lisztomania (Classixx Version),True
1526,456,Saxon Shore,78,sq3a,2,Happy Days Are Here Again,396,Nothing Changes,True
1527,457,Smashing Pumpkins,159,sqdg,1,Penned Madness,364,5B - 1979 (GlowTape!'s 2009 Remix),True
1528,458,E-603,537,sr4e,4,The Animal Show,320,If You Wanna,True
1529,459,Bedroom Walls,40,sps5,1,Knox Road,138,Somewhere In Newhall,True
1530,460,The Gossip,180,sqnx,1,Mola Super Poco,256,For Keeps,True
1532,462,Grizzly Bear,9355,qp9f,118,said the gramophone,243,Two Weeks,True
1533,463,Kings Of Leon vs Chew Fu,952,sqqv,1,White Folks Get Crunk,337,Use Somebody (CHEW FU Festival Fix),True
1534,464,The Kills,1553,je9g,20,Friends by Far,352,Cheap and Cheerful (SebastiAn Remix),True
1535,465,Santigold,847,sg2z,5,JayeL Audio Music,174,You'll Find A Way Player (feat. Andre 3000 & Bun B),True
1536,466,Bloody Beetroots,128,spgz,1,KEEPREAL,317,Warp (Blaze Tripp Remix),True
1537,467,The Knux,221,eq50,8,katarokkar,240,Cappuccino,True
1538,468,Tatsu,76,spja,1,We can be honest,294,Semilla,True
1539,469,E-603,1222,sr4g,1,The Animal Show,248,Hey Shorty,True
1540,470,Phoenix,4258,be6z,16,JP's Blog,108,Playground Love (Air Cover),True
1541,471,Frankmusik,1297,s8px,15,JayeL Audio Music,304,Confusion Girl (Don Diablo loves to slowdance remix),True
1542,472,Frankmusik,672,n5pa,6,JayeL Audio Music,166,3 Little Words,True
1543,473,Discovery,1137,smrx,12,This Bonus Track,187,Carby (Feat. Ezra Koenig of Vampire Weekend),True
